"username","Routename","Price","RouteType","servername"
"rplusindtest","Promotional","0.11000","0","resplusindia"
"sagar","Transactional","0.15000","1","resplusindia"
"sagar","Promotional","0.10000","0","resplusindia"
"marvels","Transactional","0.18000","1","resplusindia"
"marvels","Promotional","0.21000","0","resplusindia"
"unicorn","Transactional","0.15000","1","resplusindia"
"unicorn","Promotional","0.18000","0","resplusindia"
"softtrans","Transactional","0.09500","1","resplusindia"
"softtrans","Promotional","0.09500","0","resplusindia"
"rplusind2","Promotional","0.11900","0","resplusindia"
"shrut","Transactional","0.25000","1","resplusindia"
"shrut","Promotional","0.25000","0","resplusindia"
"msandesh","Promotional","0.14000","0","resplusindia"
"horizonsoftech","Transactional","0.18000","1","resplusindia"
"horizonsoftech","Promotional","0.18000","0","resplusindia"
"rajnikant","Transactional","0.16000","1","resplusindia"
"rajnikant","Promotional","0.18000","0","resplusindia"
"c3smtnlt","Transactional","0.09000","1","resplusindia"
"c3smtnlt","Promotional","0.09000","0","resplusindia"
"scord","Transactional","0.16000","1","resplusindia"
"scord","Promotional","0.16000","0","resplusindia"
"maheshmt","Transactional","0.11000","1","resplusindia"
"maheshmt","Promotional","0.11000","0","resplusindia"
"quackres","Transactional","0.16000","1","resplusindia"
"quackres","Promotional","0.16000","0","resplusindia"
"krinamtnl","Transactional","0.12000","1","resplusindia"
"krinamtnl","Promotional","0.12000","0","resplusindia"
"smsdatatt","Transactional","0.14000","1","resplusindia"
"techraj","Transactional","0.20000","1","resplusindia"
"techraj","Promotional","0.20000","0","resplusindia"
"nirbang","Transactional","0.14000","1","resplusindia"
"tranair","Transactional","0.16000","1","resplusindia"
"tranair","Promotional","0.17000","0","resplusindia"
"halratemtnl","Transactional","0.09250","1","resplusindia"
"halratemtnl","Promotional","0.09250","0","resplusindia"
"f5connect","Transactional","0.14000","1","resplusindia"
"f5connect","Promotional","0.16000","0","resplusindia"
"techexcel","Transactional","0.20000","1","resplusindia"
"kinsystrans","Transactional","0.10000","1","resplusindia"
"kinsystrans","Promotional","0.10000","0","resplusindia"
"infotechmtnl","Promotional","0.08500","0","resplusindia"
"techfreeres","Transactional","0.09000","1","resplusindia"
"techfreeres","Promotional","0.09000","0","resplusindia"
"mtixvodatt","Transactional","0.25000","1","resplusindia"
"akbarpro","Promotional","0.09000","0","resplusindia"
"beagle","Promotional","0.11000","0","resplusindia"
"accueilres","Promotional","0.15000","0","resplusindia"
"adesysres","Transactional","0.14000","1","resplusindia"
"adesysres","Promotional","0.14000","0","resplusindia"
"argores","Transactional","0.08500","1","resplusindia"
"concepthunt","Promotional","0.14000","0","resplusindia"
"viasgrt","Transactional","0.14000","1","resplusindia"
"webkingsolution","Transactional","0.15000","1","resplusindia"
"todler","Transactional","0.09000","1","resplusindia"
"c3sloop","Transactional","0.25000","1","resplusindia"
"taamres","Transactional","0.12000","1","resplusindia"
"taamres","Promotional","0.12000","0","resplusindia"
"160sms","Transactional","0.14000","1","resplusindia"
"tachussolutions","Transactional","0.14000","1","resplusindia"
"planett","Transactional","0.09000","1","resplusindia"
"getonesol","Transactional","0.14000","1","resplusindia"
"getonesol","Promotional","0.14000","0","resplusindia"
"compusoft","Transactional","0.14000","1","resplusindia"
"compusoft","Promotional","0.14000","0","resplusindia"
"avancezone","Transactional","0.09000","1","resplusindia"
"avancezone","Promotional","0.09000","0","resplusindia"
"smsgateress","Transactional","0.11500","1","resplusindia"
"atharvait","Transactional","0.14000","1","resplusindia"
"atharvait","Promotional","0.14000","0","resplusindia"
"trppro","Promotional","0.09000","0","resplusindia"
"shrichakranew","Transactional","0.14000","1","resplusindia"
"shrichakranew","Promotional","0.14000","0","resplusindia"
"viasgroup","Transactional","0.13000","1","resplusindia"
"viasgroup","Promotional","0.13000","0","resplusindia"
"srichakra","Transactional","0.09000","1","resplusindia"
"srichakra","Promotional","0.09000","0","resplusindia"
"ceeonlinet","Transactional","0.11000","1","resplusindia"
"ceeonlinet","Promotional","0.11000","0","resplusindia"
"sayatransl","Transactional","0.08500","1","resplusindia"
"ashwaniindo","Transactional","0.16000","1","resplusindia"
"datagent1","Transactional","0.15000","1","resplusindia"
"akashins","Transactional","0.25000","1","resplusindia"
"indoadvertise","Transactional","0.09000","1","resplusindia"
"indoadvertise","Promotional","0.09000","0","resplusindia"
"dlinfores","Transactional","0.13500","1","resplusindia"
"metamorph","Transactional","0.14000","1","resplusindia"
"metamorph","Promotional","0.14000","0","resplusindia"
"bulksmsworldr","Transactional","0.14000","1","resplusindia"
"bulksmsworldr","Promotional","0.14000","0","resplusindia"
"mlmage","Transactional","0.09500","1","resplusindia"
"minfotech","Transactional","0.20000","1","resplusindia"
"minfotech","Promotional","0.20000","0","resplusindia"
"htsm","Transactional","0.25000","1","resplusindia"
"vapspromol","Promotional","0.08250","0","resplusindia"
"smsgoin","Transactional","0.14000","1","resplusindia"
"smsgoin","Promotional","0.14000","0","resplusindia"
"impactgrp","Transactional","0.20000","1","resplusindia"
"aspirent","Transactional","0.08500","1","resplusindia"
"aspirent","Promotional","0.08500","0","resplusindia"
"acaira","Transactional","0.12000","1","resplusindia"
"100coins","Transactional","0.20000","1","resplusindia"
"ainstitutep","Promotional","0.10000","0","resplusindia"
"ainstitutet","Transactional","0.10000","1","resplusindia"
"webcrd","Transactional","0.09000","1","resplusindia"
"indiangudha","Transactional","0.09000","1","resplusindia"
"discoverinfotec","Transactional","0.20000","1","resplusindia"
"iistinfotech","Transactional","0.12000","1","resplusindia"
"iistinfotech","Promotional","0.12000","0","resplusindia"
"onlinepromotion","Transactional","0.11000","1","resplusindia"
"onlinepromotion","Promotional","0.11000","0","resplusindia"
"bhejosmstp","Transactional","0.08250","1","resplusindia"
"bhejosmstp","Promotional","0.08250","0","resplusindia"
"arihantnew","Transactional","0.08250","1","resplusindia"
"arihantnew","Promotional","0.08250","0","resplusindia"
"anleaguesit","Transactional","0.10000","1","resplusindia"
"anleaguesit","Promotional","0.10000","0","resplusindia"
"sumangalam","Transactional","0.13000","1","resplusindia"
"vapstrans","Transactional","0.08250","1","resplusindia"
"capfirstltd","Transactional","0.09500","1","resplusindia"
"capfirstltd","Promotional","0.09500","0","resplusindia"
"webkingindiap","Promotional","0.11000","0","resplusindia"
"bhavananew","Transactional","0.09000","1","resplusindia"
"bhavananew","Promotional","0.09000","0","resplusindia"
"gloroute","Promotional","0.20000","0","resplusindia"
"routedemo","Transactional","0.15000","1","resplusindia"
"routedemo","Promotional","0.15000","0","resplusindia"
"digitalf9","Transactional","0.10000","1","resplusindia"
"digitalf9","Promotional","0.10000","0","resplusindia"
"patange","Transactional","0.20000","1","resplusindia"
"patange","Promotional","0.20000","0","resplusindia"
"ashishpro","Promotional","0.11800","0","resplusindia"
"thinking","Transactional","0.10000","1","resplusindia"
"galaxyres","Transactional","0.10000","1","resplusindia"
"galaxyres","Promotional","0.10000","0","resplusindia"
"zenenterprisep","Promotional","0.20000","0","resplusindia"
"penta","Transactional","0.11000","1","resplusindia"
"unlimitedsms","Transactional","0.14000","1","resplusindia"
"unlimitedsms","Promotional","0.14000","0","resplusindia"
"jtminfomedia","Transactional","0.08500","1","resplusindia"
"jtminfomedia","Promotional","0.08500","0","resplusindia"
"marg","Transactional","0.09000","1","resplusindia"
"infiniumglobal","Transactional","0.12000","1","resplusindia"
"smslife","Transactional","0.09500","1","resplusindia"
"smslife","Promotional","0.09500","0","resplusindia"
"stcspices","Transactional","0.13000","1","resplusindia"
"stcspices","Promotional","0.13000","0","resplusindia"
"shreesmsr","Transactional","0.15000","1","resplusindia"
"shreesmsr","Promotional","0.20000","0","resplusindia"
"flipkartres","Transactional","0.12000","1","resplusindia"
"octosys","Transactional","0.10000","1","resplusindia"
"octosys","Promotional","0.10000","0","resplusindia"
"basismtnlres","Transactional","0.11000","1","resplusindia"
"basismtnlres","Promotional","0.11000","0","resplusindia"
"huhoka","Transactional","0.09500","1","resplusindia"
"huhoka","Promotional","0.09500","0","resplusindia"
"prtouchres","Transactional","0.14000","1","resplusindia"
"prtouchres","Promotional","0.12000","0","resplusindia"
"voiceres","Transactional","0.09500","1","resplusindia"
"voiceres","Promotional","0.09500","0","resplusindia"
"tripdatrans","Transactional","0.11000","1","resplusindia"
"tripdatrans","Promotional","0.11000","0","resplusindia"
"ssdindiasmpp","Transactional","0.13000","1","resplusindia"
"viiittrans","Transactional","0.12000","1","resplusindia"
"samsungp","Promotional","0.13000","0","resplusindia"
"addworld","Transactional","0.11000","1","resplusindia"
"sumittra","Transactional","0.09000","1","resplusindia"
"bimalonline","Transactional","0.12000","1","resplusindia"
"bimalonline","Promotional","0.12000","0","resplusindia"
"tesyncp","Transactional","0.09500","1","resplusindia"
"tesyncp","Promotional","0.09500","0","resplusindia"
"nascentt","Transactional","0.08250","1","resplusindia"
"saraffurniture","Transactional","0.18000","1","resplusindia"
"businesscre","Transactional","0.12000","1","resplusindia"
"businesscre","Promotional","0.12000","0","resplusindia"
"frankfinnt","Transactional","0.08500","1","resplusindia"
"technicheservic","Transactional","0.12000","1","resplusindia"
"technicheservic","Promotional","0.12000","0","resplusindia"
"jaintrans","Transactional","0.10000","1","resplusindia"
"mdigital1","Promotional","0.25000","0","resplusindia"
"zeetekpr","Promotional","0.14000","0","resplusindia"
"simlpysolptld","Transactional","0.09000","1","resplusindia"
"kdmedianew","Transactional","0.10000","1","resplusindia"
"bluewavemix","Transactional","0.08500","1","resplusindia"
"globalvisionp","Promotional","0.12000","0","resplusindia"
"tirupatipvltd","Transactional","0.11000","1","resplusindia"
"tirupatipvltd","Promotional","0.11000","0","resplusindia"
"sayatransmtnl","Transactional","0.08500","1","resplusindia"
"crossatlanp","Promotional","0.20000","0","resplusindia"
"itifin","Transactional","0.11000","1","resplusindia"
"itifin","Promotional","0.11000","0","resplusindia"
"oxfro","Transactional","0.10000","1","resplusindia"
"rofter","Transactional","0.15000","1","resplusindia"
"simplifisms","Promotional","0.10000","0","resplusindia"
"argostechp","Promotional","0.08500","0","resplusindia"
"halfrateloopres","Transactional","0.11000","1","resplusindia"
"muicres","Transactional","0.10000","1","resplusindia"
"powermac","Transactional","0.09000","1","resplusindia"
"trinitypromo","Transactional","0.10000","1","resplusindia"
"trinitypromo","Promotional","0.10000","0","resplusindia"
"ozonenew","Transactional","0.09000","1","resplusindia"
"ozonenew","Promotional","0.09000","0","resplusindia"
"allwind","Transactional","0.14000","1","resplusindia"
"romiotech","Transactional","0.12000","1","resplusindia"
"engibiz","Promotional","0.09000","0","resplusindia"
"engibizt","Transactional","0.12000","1","resplusindia"
"palasatp","Transactional","0.10000","1","resplusindia"
"palasatp","Promotional","0.10000","0","resplusindia"
"messagepointt","Transactional","0.10000","1","resplusindia"
"srvoip","Transactional","0.14000","1","resplusindia"
"grobizz","Transactional","0.14000","1","resplusindia"
"grobizz","Promotional","0.14000","0","resplusindia"
"ivrst","Transactional","0.08400","1","resplusindia"
"ivrst","Promotional","0.08400","0","resplusindia"
"indorecommunica","Transactional","0.10000","1","resplusindia"
"indorecommunica","Promotional","0.10000","0","resplusindia"
"adzresp","Promotional","0.10000","0","resplusindia"
"adzrest","Transactional","0.10000","1","resplusindia"
"rightchoicesms","Promotional","0.20000","0","resplusindia"
"grace1","Transactional","0.11000","1","resplusindia"
"spencers1","Transactional","0.25000","1","resplusindia"
"yoyager1","Transactional","0.09500","1","resplusindia"
"yoyager1","Promotional","0.09500","0","resplusindia"
"vcaret","Transactional","0.14000","1","resplusindia"
"utkarsh","Transactional","0.09000","1","resplusindia"
"utkarsh","Promotional","0.09000","0","resplusindia"
"swarajindrest","Transactional","0.10000","1","resplusindia"
"romiotr","Transactional","0.09000","1","resplusindia"
"global2p","Promotional","0.09000","0","resplusindia"
"carlelo","Transactional","0.14000","1","resplusindia"
"carlelo","Promotional","0.14000","0","resplusindia"
"globalv","Promotional","0.12000","0","resplusindia"
"globaltecht","Transactional","0.10000","1","resplusindia"
"globaltecht","Promotional","0.10000","0","resplusindia"
"threesixty","Transactional","0.10000","1","resplusindia"
"threesixty","Promotional","0.10000","0","resplusindia"
"ihante","Transactional","0.09000","1","resplusindia"
"ihante","Promotional","0.09000","0","resplusindia"
"vipitechn","Transactional","0.11000","1","resplusindia"
"tirutech","Transactional","0.20000","1","resplusindia"
"tirutech","Promotional","0.20000","0","resplusindia"
"smsforit","Promotional","0.08250","0","resplusindia"
"bluewhl","Transactional","0.08500","1","resplusindia"
"bluewhl","Promotional","0.08500","0","resplusindia"
"muzztechnew","Transactional","0.08500","1","resplusindia"
"slabs","Transactional","0.20000","1","resplusindia"
"completetp","Transactional","0.20000","1","resplusindia"
"completetp","Promotional","0.20000","0","resplusindia"
"waysandp","Transactional","0.11000","1","resplusindia"
"waysandp","Promotional","0.11000","0","resplusindia"
"timeprom","Transactional","0.10000","1","resplusindia"
"timeprom","Promotional","0.10000","0","resplusindia"
"asiabulksms","Promotional","0.25000","0","resplusindia"
"promosmsp","Promotional","0.10000","0","resplusindia"
"razi","Transactional","0.08350","1","resplusindia"
"razi","Promotional","0.08350","0","resplusindia"
"racftslpvteltd","Transactional","0.10000","1","resplusindia"
"redhatt","Transactional","0.10000","1","resplusindia"
"redhatt","Promotional","0.10000","0","resplusindia"
"bulksmsservices","Transactional","0.10000","1","resplusindia"
"ozonene","Transactional","0.20000","1","resplusindia"
"ozonene","Promotional","0.20000","0","resplusindia"
"dilipw","Transactional","0.09500","1","resplusindia"
"dilipw","Promotional","0.09500","0","resplusindia"
"smssevat","Transactional","0.14000","1","resplusindia"
"jninewst","Transactional","0.12000","1","resplusindia"
"indiasmstrans","Transactional","0.11000","1","resplusindia"
"indiasmstrans","Promotional","0.11000","0","resplusindia"
"insign","Transactional","0.09500","1","resplusindia"
"insign","Promotional","0.09500","0","resplusindia"
"sanjaytra","Transactional","0.09000","1","resplusindia"
"version2","Transactional","0.30000","1","resplusindia"
"version2","Promotional","0.30000","0","resplusindia"
"rplusind","TRANS","0.20000","1","resplusindia"
"rplusind","promo1","0.75000","0","resplusindia"
"rplusind","Transt","0.10500","1","resplusindia"
"rplusind","Promo3","0.21000","0","resplusindia"
"mtixloopt","trans1","0.09750","1","resplusindia"
"odyssey","loop","0.25000","1","resplusindia"
"rajpatrikaadmin","Promo","0.20000","0","resplusindia"
"rajpatrikaadmin","Trans","0.20000","1","resplusindia"
"vicky1","Trans","0.12000","1","resplusindia"
"vicky1","Promo","0.12000","0","resplusindia"
"hcable2","Promo","0.12000","0","resplusindia"
"sagar","loop","0.15000","1","resplusindia"
"visiontrans","promo1","0.10000","0","resplusindia"
"visiontrans","trans1","0.10000","1","resplusindia"
"inext4ut","trans1","0.11000","1","resplusindia"
"techzoneres","Aircel","0.08500","1","resplusindia"
"mantratra","Aircel","0.09000","1","resplusindia"
"inext4ut","promo1","0.11000","0","resplusindia"
"positivetrans","promo","0.20000","0","resplusindia"
"positivetrans","Trans","0.20000","1","resplusindia"
"webcaretr","Aircel","0.10000","1","resplusindia"
"streamadmin","trans","0.10000","1","resplusindia"
"trpsltt","trans1","0.10000","1","resplusindia"
"mdigital1","Trans","0.25000","1","resplusindia"
"mantramix","Trans","0.09000","1","resplusindia"
"mantramix","promo","0.09000","0","resplusindia"
"mantratra","Aircel promo","0.09000","0","resplusindia"
"greenglobalt","TRANS","0.09500","1","resplusindia"
"greenglobalt","PROMO","0.09500","0","resplusindia"
"testir","testir","0.36002","1","resplusindia"
"testir","testir2","0.54000","0","resplusindia"
"tmtech","Promo","0.20000","0","resplusindia"
"tmtech","Trans","0.20000","1","resplusindia"
"gcsindia","promo1","0.13000","0","resplusindia"
"gcsindia","trans1","0.13000","1","resplusindia"
"umstra","Aircel","0.09000","1","resplusindia"
"argostrans","trans1","0.08500","1","resplusindia"
"spidersms","Trans","0.11000","1","resplusindia"
"kdtra","Trans","0.20000","1","resplusindia"
"vndsms","TRANS","0.20000","1","resplusindia"
"sayasms","TRANS","0.20000","1","resplusindia"
"bengaltr","TRANS","0.12000","1","resplusindia"
"psksms","TRANS","0.10000","1","resplusindia"
"voicetreeres","TRANS","0.10000","1","resplusindia"
"etalkpr","PROMO","0.20000","0","resplusindia"
"govindsms","PROMO","0.20000","0","resplusindia"
"govindsms","TRANS","0.20000","1","resplusindia"
"etopp","PROMO","0.20000","0","resplusindia"
"etopt","TRANS","0.20000","1","resplusindia"
"dimesmppres","TRANS","0.11000","1","resplusindia"
"click2media","Aircel","0.11000","1","resplusindia"
"fusiont","aicel","0.08500","1","resplusindia"
"fusiont","aircel","0.08500","0","resplusindia"
"bluewavesrel","trans1","0.14000","1","resplusindia"
"bhejosmspr","Airtel","0.08250","1","resplusindia"
"bulkmsg","Airtel","0.08500","1","resplusindia"
"tubelightnew","Airtel","0.09500","1","resplusindia"
"1paisasmsres","PROMO","0.20000","0","resplusindia"
"sendsmst","TRANS","0.12000","1","resplusindia"
"vipant","trans1","0.09000","1","resplusindia"
"etalkprp","PROMO","0.12000","0","resplusindia"
"saharsoftrel","PROMO","0.20000","0","resplusindia"
"saharsoftrel","TRANSA","0.20000","1","resplusindia"
"bizsoftrel","promo1","0.13000","0","resplusindia"
"bizsoftrel","trans1","0.13000","1","resplusindia"
"bulksmstimes","PROMO","0.20000","0","resplusindia"
"bulksmstimes","TRANSA","0.20000","1","resplusindia"
"rainbowrel","PROMO","0.20000","0","resplusindia"
"rainbowrel","TRANS","0.20000","1","resplusindia"
"usesotrans","promo1","0.13000","0","resplusindia"
"usesotrans","trans1","0.13000","1","resplusindia"
"boannew","TRANS","0.08000","1","resplusindia"
"octosysitech","PROMO","0.10000","0","resplusindia"
"octosysitech","TRANS","0.10000","1","resplusindia"
"rplusind","TRANS2","0.10500","1","resplusindia"
"razidist","TRANS","0.11000","1","resplusindia"
"razidist","PROMO","0.11000","0","resplusindia"
"compdnd","TRANS","0.10000","1","resplusindia"
"rplusindtest","testrans","0.11500","1","resplusindia"
"logintt","PROMO","0.10000","0","resplusindia"
"logintt","TRANS","0.10000","1","resplusindia"
"gracetr","loop Mum","0.08250","1","resplusindia"
"gracetr","loop Mump","0.08250","0","resplusindia"
"skypoint","PROMO","0.10000","0","resplusindia"
"skypoint","TRANS","0.11000","1","resplusindia"
"bluewavesrel","Loop","0.14000","0","resplusindia"
"zenaisrel","promo1","0.14000","0","resplusindia"
"zenaisrel","trans1","0.14000","1","resplusindia"
"dnareseller","PROMO","0.13000","0","resplusindia"
"dnareseller","TRANS","0.13000","1","resplusindia"
"alpharess","PROMO","0.10000","0","resplusindia"
"alpharess","TRANS","0.10000","1","resplusindia"
"simlpysolptldp","loop Mum","0.10000","0","resplusindia"
"swarajpro","PROMO","0.10000","0","resplusindia"
"systemrel","PROMO","0.20000","0","resplusindia"
"systemrel","TRANS","0.20000","1","resplusindia"
"moutlook","PROMO","0.09000","0","resplusindia"
"moutlook","TRANS","0.09000","1","resplusindia"
"mburrp","PROMO","0.09000","0","resplusindia"
"mburrp","TRANS","0.09000","1","resplusindia"
"simlpysolptld","PROMO","0.09000","0","resplusindia"
"zenadmin","Loop","0.12000","0","resplusindia"
"dreamworld","Loop","0.10000","1","resplusindia"
"jainrel","Loop","0.09500","0","resplusindia"
"jainrel","LM","0.09500","1","resplusindia"
"rnmrel","PROMO","0.20000","0","resplusindia"
"rnmrel","TRANS","0.20000","1","resplusindia"
"telecomrel","PROMO","0.20000","0","resplusindia"
"telecomrel","TRANS","0.20000","1","resplusindia"
"deveops","PROMO","0.20000","0","resplusindia"
"deveops","TRANS","0.20000","1","resplusindia"
"vibrantresl","PROMO","0.10000","0","resplusindia"
"vibrantresl","TRANS","0.10000","1","resplusindia"
"prismstra","PROMO","0.20000","0","resplusindia"
"prismstra","TRANS","0.20000","1","resplusindia"
"ridhiassociates","PROMO","0.20000","0","resplusindia"
"ridhiassociates","TRANS","0.20000","1","resplusindia"
"smspanel","PROMO","0.10000","0","resplusindia"
"smspanel","TRANS","1.00000","1","resplusindia"
"smshomet","TRANS","0.09000","1","resplusindia"
"crystst","PROMO1","0.11000","0","resplusindia"
"crystst","trans1","0.11000","1","resplusindia"
"livesolutions","PROMO","0.20000","0","resplusindia"
"spacecomadmin","TRANS","0.08250","1","resplusindia"
"vinaclerel","PROMO","0.10000","0","resplusindia"
"vinaclerel","TRANS","0.10000","1","resplusindia"
"pratik","Loop","0.09000","0","resplusindia"
"pratik","TRANS","0.09000","1","resplusindia"
"supporttech","PROMO","0.11000","0","resplusindia"
"supporttech","TRANS","0.11000","1","resplusindia"
"rapidsres","Loop","0.25000","0","resplusindia"
"rapidsres","Trans","0.25000","1","resplusindia"
"msgclubres","PROMO","0.08100","0","resplusindia"
"msgclubres","TRANS","0.08100","1","resplusindia"
"blueberry","loop Mum","0.10000","0","resplusindia"
"blueberry","loop Mumt","0.10000","1","resplusindia"
"hdfcfund","hdfcfund","0.20000","1","resplusindia"
"hdfcfund","hdfcfundpr","0.20000","0","resplusindia"
"softmark","softmark","0.10000","0","resplusindia"
"softmark","softmarkTRN","0.10000","1","resplusindia"
"acetec","acetec","0.09000","0","resplusindia"
"rajendrademo","rajendrademo","0.10000","0","resplusindia"
"rajendrademo","transactional","0.10000","0","resplusindia"
"corpo","corpo","0.08250","1","resplusindia"
"corpo","corpromotion","0.08250","0","resplusindia"
"sandeshait","sandeshait","0.10000","0","resplusindia"
"sandeshait","sandtransaction","0.10000","1","resplusindia"
"dndopen","dndopen","0.09000","1","resplusindia"
"dndopen","ezyreachp","0.09000","0","resplusindia"
"shinetech","shinetech","0.18000","1","resplusindia"
"prasadg","prasadg","0.18000","1","resplusindia"
"dava","dava","0.20000","1","resplusindia"
"kenia","kenia","0.11000","0","resplusindia"
"endure","endure","0.18000","1","resplusindia"
"nktelecomm","nktelecomm","0.10000","1","resplusindia"
"suryaanand","suryaanand","0.20000","0","resplusindia"
"triviasoft","triviasoft","0.15000","1","resplusindia"
"triviasoft","promotional","0.20000","0","resplusindia"
"eunited","eunited","0.20000","1","resplusindia"
"reputemall","reputemall","0.18000","1","resplusindia"
"pnpinfocom","pnpinfocom","0.11000","1","resplusindia"
"pnpinfocom","promo","0.14000","0","resplusindia"
"omegasms1","omegasms1","0.10000","1","resplusindia"
"jaroreseller","jaroreseller","0.22000","0","resplusindia"
"mhncp1","mhncp1","0.10000","1","resplusindia"
"creatiwitty","creatiwitty","0.15000","1","resplusindia"
"sahyadri","sahyadri","0.15000","0","resplusindia"
"bhavanad","bhavanad","0.09000","0","resplusindia"
"bhavanad","bhavanadtr","0.09000","1","resplusindia"
"dskadmin","dskadmin","0.08500","0","resplusindia"
"ksmsservice","ksmsservice","0.09000","1","resplusindia"
"global1","global1","0.10000","0","resplusindia"
"global1","globaltrn","0.20000","1","resplusindia"
"globalcon","globalcon","0.09000","1","resplusindia"
"globalcon","globalconpr","0.09000","0","resplusindia"
"basismstr","basismstr","0.20000","1","resplusindia"
"basismspr","basismspr","0.12000","0","resplusindia"
"myriad","myriad","0.10000","0","resplusindia"
"tubelightm","tubelightm","0.09500","1","resplusindia"
"tubelightm","tubelightmpr","0.09500","0","resplusindia"
"indianre","indianre","0.08500","0","resplusindia"
"bizsoft","bizsoft","0.10000","1","resplusindia"
"bizsoft","bizsoftp","0.10000","0","resplusindia"
"iceres","iceres","0.18000","0","resplusindia"
"iceres","transac","0.16000","1","resplusindia"
"arwireles","arwireles","0.25000","1","resplusindia"
"arwireles","trans","0.25000","0","resplusindia"
"dainik","dainik","0.25000","0","resplusindia"
"epayres","epayres","0.20000","1","resplusindia"
"diksha","diksha","0.13000","1","resplusindia"
"bulksmswala","bulksmswala","0.08750","1","resplusindia"
"bulksmswala","bulksmspromo","0.08750","0","resplusindia"
"trpsolt","trpsolt","0.09000","1","resplusindia"
"nuevastech","nuevastech","0.09000","1","resplusindia"
"nuevastech","nuevaspromo","0.09000","0","resplusindia"
"iparable","iparable","0.20000","1","resplusindia"
"iparable","iparabletr","0.20000","0","resplusindia"
"zsmst1","zsmst1","0.20000","1","resplusindia"
"infraresl","infraresl","0.18000","1","resplusindia"
"infraresl","infrareslp","0.23000","0","resplusindia"
"smswaalar","smswaalar","0.08750","1","resplusindia"
"smswaalar","smswaalap","0.08750","0","resplusindia"
"vgatet","vgatet","0.20000","1","resplusindia"
"vgatep","vgatep","0.20000","0","resplusindia"
"rtkreseller","rtkreseller","0.20000","0","resplusindia"
"seainfonet","seainfonet","0.16000","1","resplusindia"
"tejost","tejost","0.10000","1","resplusindia"
"ornatecomputers","ornatecomputers","0.09000","1","resplusindia"
"arzoores","arzoores","0.12000","0","resplusindia"
"mobilogi","mobilogi","0.08250","0","resplusindia"
"mobilogi","mobtrans","0.08250","1","resplusindia"
"mopletashok","mopletashok","0.25000","0","resplusindia"
"mopletashok","moplettran","0.25000","1","resplusindia"
"muzztechind","muzztechind","0.08500","1","resplusindia"
"muzztechind","muzztechindpr","0.08500","0","resplusindia"
"sms4services","sms4services","0.21000","1","resplusindia"
"sms4services","sms4pro","0.20000","0","resplusindia"
"indiadvantage","indiadvantage","0.20000","1","resplusindia"
"schoolfwisdom","schoolfwisdom","0.14000","1","resplusindia"
"schoolfwisdom","schoolfwish","0.14000","0","resplusindia"
"nuranisms","nuranisms","0.09000","1","resplusindia"
"homeshop18","homeshop18","0.22000","0","resplusindia"
"homeshop18","hometransc","0.15000","1","resplusindia"
"primeinfoserve","primeinfoserve","0.20000","1","resplusindia"
"primeinfoserve","primeinfoservep","0.25000","0","resplusindia"
"screenreseller","screenreseller","0.12000","0","resplusindia"
"screenresellert","screenresellert","0.20000","1","resplusindia"
"maxglobal","maxglobal","0.15000","1","resplusindia"
"platinumone","platinumone","0.12000","1","resplusindia"
"platinumone","platinumonep","0.12000","0","resplusindia"
"beyondmob","beyondmob","0.20000","1","resplusindia"
"swarajindres","swarajindres","0.10000","1","resplusindia"
"swarajindres","swarajindrespr","0.10000","0","resplusindia"
"ontracksystems","ontracksystems","0.13000","1","resplusindia"
"ontracksystems","ontrackpromo","0.13000","0","resplusindia"
"innovativess","innovativess","0.20000","1","resplusindia"
"innovativess","innovativessp","0.23000","0","resplusindia"
"zincrontech","zincrontech","0.25000","0","resplusindia"
"versionextech","versionextech","0.08500","1","resplusindia"
"versionextech","versionpromo","0.08500","0","resplusindia"
"shrisai","shrisai","0.09500","1","resplusindia"
"shrisai","shripromo","0.09500","0","resplusindia"
"tridentinfo","tridentinfo","0.20000","1","resplusindia"
"tridentinfo","tridentinfop","0.25000","0","resplusindia"
"ooggicomm","ooggicomm","0.16000","1","resplusindia"
"tripadaent","tripadaent","0.25000","0","resplusindia"
"tripadaent","tripatranc","0.25000","1","resplusindia"
"krinaweb","krinaweb","0.16000","1","resplusindia"
"krinaweb","krinawebp","0.22000","0","resplusindia"
"formicro","formicro","0.12000","0","resplusindia"
"formicro","formicrot","0.12000","1","resplusindia"
"nagpurreseller","nagpurreseller","0.20000","1","resplusindia"
"nagpurreseller","nagpurreseller1","0.20000","0","resplusindia"
"manhattanc","manhattanc","0.30000","1","resplusindia"
"ihorgtt","ihorgtt","0.08500","1","resplusindia"
"ihorgtt","ihorgpromo","0.08500","0","resplusindia"
"smseasy","smseasy","0.08250","1","resplusindia"
"smseasy","smseasypro","0.08250","0","resplusindia"
"admarkreseller","admarkreseller","0.16000","1","resplusindia"
"anandcomp","anandcomp","0.16000","1","resplusindia"
"canvasmm","canvasmm","0.15000","0","resplusindia"
"canvasmm","cantransact","0.15000","1","resplusindia"
"camelotresel","camelotresel","0.20000","1","resplusindia"
"camelotresel","camelopr","0.23000","0","resplusindia"
"globalservices","globalservices","0.20000","1","resplusindia"
"globalservices","globalservpr","0.23000","0","resplusindia"
"enteruxind","enteruxind","0.21000","0","resplusindia"
"enteruxind","enteruxindt","0.15000","1","resplusindia"
"cruxind","cruxind","0.16000","1","resplusindia"
"cruxind","cruxpromo","0.25000","0","resplusindia"
"anleagues","anleagues","0.12000","1","resplusindia"
"anleagues","anleaguespro","0.12000","0","resplusindia"
"sandesh2","sandesh2","0.20000","1","resplusindia"
"mfineteres","mfineteres","0.13000","1","resplusindia"
"mfineteres","mfineteresp","0.21000","1","resplusindia"
"omenterres","omenterres","0.22000","1","resplusindia"
"omenterres","omenterresp","0.22000","0","resplusindia"
"voicetreer","voicetreer","0.25000","0","resplusindia"
"voicetreer","voicetrans","0.17000","1","resplusindia"
"easy2app","easy2app","0.20000","1","resplusindia"
"viiitres","viiitres","0.20000","1","resplusindia"
"viiitres","viiitrespr","0.23000","0","resplusindia"
"hbjcapital1","hbjcapital1","0.09000","1","resplusindia"
"rocktechno","rocktechno","0.20000","1","resplusindia"
"joinreseller","joinreseller","0.09000","1","resplusindia"
"vedhantech","vedhantech","0.10000","1","resplusindia"
"vedhantech","Vedhantechpr","0.10000","0","resplusindia"
"smshome","smshome","0.09000","1","resplusindia"
"smshome","smshomep","0.09000","0","resplusindia"
"sapphiremedia2","sapphiremedia2","0.10000","1","resplusindia"
"sapphiremedia2","sapphiremediap","0.10000","0","resplusindia"
"verchaskaind","verchaskaind","0.18000","1","resplusindia"
"nrmbng","nrmbng","0.14000","1","resplusindia"
"arihantmedia","arihantmedia","0.20000","1","resplusindia"
"arihantmedia","arihantmediap","0.23000","0","resplusindia"
"priority","priority","0.20000","1","resplusindia"
"priority","priorityp","0.23000","0","resplusindia"
"velocitysms","velocitysms","0.10500","1","resplusindia"
"sudotechp","sudotechp","0.20000","1","resplusindia"
"sudotechp","sudotrasac","0.20000","1","resplusindia"
"arthinfosoft","arthinfosoft","0.20000","1","resplusindia"
"arthinfosoft","arthinfosoftp","0.23000","0","resplusindia"
"markteqres","markteqres","0.20000","1","resplusindia"
"zenenterprise","zenenterprise","0.10000","0","resplusindia"
"gdpgrp","gdpgrp","0.08750","1","resplusindia"
"gdpgrp","gdpgrpro","0.08750","0","resplusindia"
"ecomm","ecomm","0.20000","1","resplusindia"
"crossatlanta","crossatlanta","0.10000","0","resplusindia"
"crossatlanta","crosstrasc","0.10000","1","resplusindia"
"colossal","colossal","0.10000","0","resplusindia"
"colossal","colossaltr","0.10000","1","resplusindia"
"jsk","jsk","0.20000","1","resplusindia"
"cbtsllp","cbtsllp","0.09000","1","resplusindia"
"cbtsllp","cbtsllpp","0.09000","0","resplusindia"
"accesssolution","accesssolution","0.20000","1","resplusindia"
"accesssolution","accesssolutionp","0.23000","0","resplusindia"
"star1","star1","0.08500","1","resplusindia"
"mobile2win","mobile2win","0.22000","0","resplusindia"
"eventustech","eventustech","0.20000","1","resplusindia"
"mdconverse","mdconverse","0.22000","0","resplusindia"
"mdconverse","mdconversetr","0.17000","1","resplusindia"
"qlctranres","qlctranres","0.12000","1","resplusindia"
"qlctranres","qlctranresp","0.12000","0","resplusindia"
"mobisoft1","mobisoft1","0.20000","1","resplusindia"
"litchi1","litchi1","0.08500","1","resplusindia"
"teamad","teamad","0.20000","1","resplusindia"
"simplydial","simplydial","0.20000","0","resplusindia"
"simplydial","simtransc","0.25000","1","resplusindia"
"intuitionit","intuitionit","0.11000","1","resplusindia"
"ipsztr","ipsztr","0.20000","1","resplusindia"
"omentertr","omentertr","0.20000","1","resplusindia"
"gem3s","gem3s","0.20000","1","resplusindia"
"gem3s","geem3f","0.23000","0","resplusindia"
"omsaiit","omsaiit","0.20000","1","resplusindia"
"anayan","anayan","0.18000","1","resplusindia"
"svmsind","svmsind","0.20000","1","resplusindia"
"svmsind","svmsindp","0.23000","0","resplusindia"
"3mdigital","3mdigital","0.20000","1","resplusindia"
"3mdigital","3mdigitalp","0.23000","0","resplusindia"
"iispltd","iispltd","0.15000","1","resplusindia"
"iispltd","iispltdp","0.15000","0","resplusindia"
"tirupatiinfo","tirupatiinfo","0.20000","1","resplusindia"
"tirupatiinfo","tirupatiinfop","0.23000","0","resplusindia"
"langei","langei","0.09500","1","resplusindia"
"langei","langeip","0.09500","0","resplusindia"
"htmobr","htmobr","0.08250","1","resplusindia"
"rapids","rapids","0.25000","0","resplusindia"
"desmapp","desmapp","0.25000","0","resplusindia"
"desmapp","desmappt","0.25000","1","resplusindia"
"bluepcozmo","bluepcozmo","0.25000","0","resplusindia"
"solotech","solotech","0.15000","1","resplusindia"
"solotech","solotechp","0.23000","0","resplusindia"
"iglobesolu","iglobesolu","0.20000","1","resplusindia"
"iglobesolu","iglobesolup","0.23000","0","resplusindia"
"innoress","innoress","0.08500","0","resplusindia"
"sairesel","sairesel","0.09000","1","resplusindia"
"vintech","vintech","0.20000","1","resplusindia"
"vintech","vintechp","0.23000","0","resplusindia"
"karsms","karsms","0.23000","0","resplusindia"
"karsms","karsmspr","0.20000","1","resplusindia"
"bhapkarmulti","bhapkarmulti","0.20000","1","resplusindia"
"bhapkarmulti","bhapkarmultip","0.23000","0","resplusindia"
"worlditsolution","worlditsolution","0.20000","1","resplusindia"
"worlditsolution","worldit","0.23000","0","resplusindia"
"swarajyat","swarajyat","0.09000","1","resplusindia"
"swarajyat","swarajyap","0.09000","0","resplusindia"
"transairexp","transairexp","0.20000","1","resplusindia"
"concoctser","concoctser","0.20000","1","resplusindia"
"concoctser","concocts","0.23000","0","resplusindia"
"raytrace1","raytrace1","0.10000","1","resplusindia"
"raytrace1","raytracep","0.10000","0","resplusindia"
"prism","prism","0.25000","0","resplusindia"
"yoyager","yoyager","0.10000","1","resplusindia"
"stream","stream","0.10000","1","resplusindia"
"vrssoft","vrssoft","0.11000","1","resplusindia"
"vrssoft","vrssoftpro","0.11000","0","resplusindia"
"concoctres","concoctres","0.20000","1","resplusindia"
"concoctres","concoctresp","0.23000","0","resplusindia"
"transairexp1","transairexp1","0.20000","1","resplusindia"
"expertra","expertra","0.20000","1","resplusindia"
"expertra","expertpro","0.23000","0","resplusindia"
"ecordn","ecordn","0.15000","1","resplusindia"
"purav","purav","0.10000","0","resplusindia"
"karnimaa","karnimaa","0.09000","1","resplusindia"
"karnimaa","karnimap","0.09000","0","resplusindia"
"blueearth","blueearth","0.20000","1","resplusindia"
"blueearth","blueearthpro","0.23000","0","resplusindia"
"cannyinfotech","cannyinfotech","0.15000","1","resplusindia"
"cannyinfotech","CannyInpromo","0.22000","0","resplusindia"
"adminbonanza","adminbonanza","0.16000","1","resplusindia"
"kdmediatra","kdmediatra","0.10000","1","resplusindia"
"kdmediatra","kdmediapro","0.10000","0","resplusindia"
"uplinkmtech","uplinkmtech","0.16000","1","resplusindia"
"uplinkmtech","uplinkmtechpro","0.16000","0","resplusindia"
"a1software","a1software","0.25000","1","resplusindia"
"asoftra","asoftra","0.11000","1","resplusindia"
"asoftra","asoftpromo","0.11000","0","resplusindia"
"starwebmaker","starwebmaker","0.25000","1","resplusindia"
"softway","softway","0.14000","1","resplusindia"
"jupitertrans","jupitertrans","0.09000","1","resplusindia"
"jupitertrans","jupiterpromo","0.09000","0","resplusindia"
"biznwebtra","biznwebtra","0.17000","1","resplusindia"
"biznwebtra","biznwebpro","0.23000","0","resplusindia"
"mgrouptra","mgrouptra","0.20000","1","resplusindia"
"mgrouptra","mgrouppro","0.25000","0","resplusindia"
"mobeepayres","mobeepayres","0.14000","1","resplusindia"
"msnd","msnd","0.20000","1","resplusindia"
"union1","union1","0.25000","0","resplusindia"
"sumandmin","sumandmin","0.20000","0","resplusindia"
"dselva","dselva","0.20000","1","resplusindia"
"stcgroup","stcgroup","0.20000","1","resplusindia"
"stcgroup","stcgroupp","0.25000","0","resplusindia"
"lntfin","lntfin","0.20000","1","resplusindia"
"mobotic","mobotic","0.14000","1","resplusindia"
"mobotic","moboticpromo","0.17000","0","resplusindia"
"softlabztra","softlabztra","0.20000","1","resplusindia"
"softlabztra","softlabzpa","0.23000","0","resplusindia"
"smsmantra","smsmantra","0.09000","0","resplusindia"
"shrichakrasol","shrichakrasol","0.20000","1","resplusindia"
"bluemtnl","bluemtnl","0.08500","0","resplusindia"
"bluemtnl","bluemtnlt","0.08500","1","resplusindia"
"ecommt","ecommt","0.10000","1","resplusindia"
"unitedmt","unitedmt","0.25000","0","resplusindia"
"dimeresmtt","dimeresmtt","0.25000","1","resplusindia"
"dimeresmtt","dimeresmtp","0.25000","0","resplusindia"
"santusti","santusti","0.16000","1","resplusindia"
"santusti","sanmtnl","0.16000","0","resplusindia"
"prpresl","prpresl","0.08250","1","resplusindia"
"prerana","prerana","0.23000","0","resplusindia"
"bombiltrans","bombiltrans","0.20000","1","resplusindia"
"bombiltrans","bombilpromo","0.23000","0","resplusindia"
"smssolutionloop","smssolutionloop","0.25000","0","resplusindia"
"smssolmtnlt","smssolmtnlt","0.10000","1","resplusindia"
"smssolmtnlt","smssolmtnlp","0.09000","0","resplusindia"
"sbtechnology","sbtechnology","0.20000","1","resplusindia"
"sbtechnology","sbtechnologyp","0.25000","0","resplusindia"
"tsecreseller","tsecreseller","0.13000","1","resplusindia"
"tsecreseller","tsecresellerp","0.12000","0","resplusindia"
"rmaxinfot","rmaxinfot","0.25000","1","resplusindia"
"rmaxinfot","rmaxinfop","0.25000","0","resplusindia"
"bhavanamtnlt","bhavanamtnlt","0.09000","1","resplusindia"
"bhavanamtnlt","bhavanamtnlp","0.09000","0","resplusindia"
"ezymtnlres","ezymtnlresp","0.12000","0","resplusindia"
"keniamtnlres","keniamtnlresp","0.09000","0","resplusindia"
"dakshtran","dakshtran","0.14000","1","resplusindia"
"dakshtran","dakshpr","0.21000","0","resplusindia"
"argotechmtnlres","argotechmtnlres","0.08500","0","resplusindia"
"technoware","technoware","0.10000","1","resplusindia"
"technoware","technowarep","0.10000","0","resplusindia"
"technowaremtnl","technowaremtnl","0.10000","1","resplusindia"
"technowaremtnl","technowaremtnlp","0.09000","0","resplusindia"
"nuranimtnl","nuranimtnl","0.08500","1","resplusindia"
"vapsoftmtnl","vapsoftmtnl","0.09000","1","resplusindia"
"halfrlooptrec","halfrlooptrec","0.25000","1","resplusindia"
"eworldmtnlt","eworldmtnlt","0.09000","1","resplusindia"
"eworldmtnlt","eworldloop","0.09000","0","resplusindia"
"eworldmtnlt","eworldlooptr","0.09000","1","resplusindia"
"cosmicrec","cosmicrec","0.13600","1","resplusindia"
"mobores","mobores","0.12000","1","resplusindia"
"mobores","moboresp","0.12000","0","resplusindia"
"mobomtnl","mobomtnl","0.10000","1","resplusindia"
"mobomtnl","mobomtnlp","0.09000","0","resplusindia"
"mobires","mobires","0.11000","1","resplusindia"
"mobires","mobiresp","0.11000","0","resplusindia"
"jupitercomm","jupitercomm","0.20000","1","resplusindia"
"jupitercomm","jupitercommpro","0.23000","0","resplusindia"
"radiusbusiness","radiusbusiness","0.20000","1","resplusindia"
"radiusbusiness","radiusbusinessp","0.23000","0","resplusindia"
"aasthabusiness","aasthabusiness","0.25000","1","resplusindia"
"aasthabusiness","aasthabusinessp","0.25000","0","resplusindia"
"nexustech","nexustech","0.25000","1","resplusindia"
"nexustech","nexustechrpo","0.25000","0","resplusindia"
"mysmsmtnl","mysmsmtnl","0.09000","0","resplusindia"
"kthreemtra","kthreemtra","0.10000","1","resplusindia"
"kthreemtra","kthreempromo","0.10000","0","resplusindia"
"ozonep","ozonep","0.09000","0","resplusindia"
"ozonep","ozonet","0.09000","1","resplusindia"
"purant","purant","0.25000","1","resplusindia"
"purant","puranp","0.25000","0","resplusindia"
"iwsres","iwsres","0.12500","1","resplusindia"
"iwsres","iwsresp","0.25000","0","resplusindia"
"ezymixed","ezymixed","0.09000","1","resplusindia"
"ezymixed","ezymixedp","0.09000","0","resplusindia"
"brandpr","brandpr","0.20000","1","resplusindia"
"cheapres","cheapres","0.09000","1","resplusindia"
"cheapres","cheaprespro","0.09000","0","resplusindia"
"proadmin","proadmin","0.21000","0","resplusindia"
"vapsofttra","vapsofttra","0.09000","1","resplusindia"
"vapsofttra","vapsoftpromo","0.09000","0","resplusindia"
"efit","efit","0.25000","0","resplusindia"
"topmarktech","topmarktech","0.12000","0","resplusindia"
"ssexpert","ssexpert","0.09000","1","resplusindia"
"ssexpert","ssexpertpromo","0.09000","0","resplusindia"
"cheapreseller","cheapreseller","0.09000","1","resplusindia"
"cheapreseller","cheapresellerpr","0.09000","0","resplusindia"
"berkeleytrans","berkeleytrans","0.14000","1","resplusindia"
"ebentelecom","ebentelecom","0.20000","1","resplusindia"
"ebentelecom","ebentelecompro","0.20000","0","resplusindia"
"t3soft","t3soft","0.09000","1","resplusindia"
"t3soft","t3softp","0.09000","0","resplusindia"
"vivamtnlpro","vivamtnlpro","0.12000","0","resplusindia"
"optratran","optratran","0.25000","1","resplusindia"
"optratran","optrapro","0.25000","0","resplusindia"
"datagent","datagent","0.15000","1","resplusindia"
"itvisiontra","itvisiontra","0.12000","1","resplusindia"
"rapidtrans","rapidtrans","0.12000","1","resplusindia"
"brightwaymtnlt","brightwaymtnlt","0.14000","1","resplusindia"
"swarmtnlref","swarmtnlref","0.11000","1","resplusindia"
"sandeept","sandeept","0.12000","1","resplusindia"
"mastert","mastert","0.13000","0","resplusindia"
"srnetsoft","srnetsoft","0.25000","1","resplusindia"
"srnetsoft","srnetsoftpro","0.25000","0","resplusindia"
"bulkrt","bulkrt","0.15000","1","resplusindia"
"bulkrp","bulkrp","0.21000","0","resplusindia"
"masterp","masterp","0.09500","0","resplusindia"
"skibulr","skibulr","0.12000","1","resplusindia"
"skibulr","skibulrpr","0.12000","0","resplusindia"
"infotecht","infotecht","0.10000","1","resplusindia"
"infotecht","infoloop","0.10000","0","resplusindia"
"tanusms","tanusms","0.15000","1","resplusindia"
"bulksmst","bulksmst","0.09000","0","resplusindia"
"elitwebtech","elitwebtech","0.16000","0","resplusindia"
"spidertr","spidertr","0.14000","1","resplusindia"
"spidertr","spiderpromo","0.14000","0","resplusindia"
"atoms","atoms","0.14000","1","resplusindia"
"bit7bpl","bit7bpl","0.14000","1","resplusindia"
"radsoftware","radsoftware","0.14000","1","resplusindia"
"cyberinformatic","cyberinformatic","0.14000","1","resplusindia"
"maheshmtt","maheshmtt","0.09000","1","resplusindia"
"maheshmtt","maheshmtp","0.09000","0","resplusindia"
"bulksmsp","bulksmsp","0.15000","0","resplusindia"
"smsdatat","smsdatat","0.15000","1","resplusindia"
"needsoftmt","needsoftmt","0.11000","1","resplusindia"
"needsoftmt","needsoftlm","0.12000","0","resplusindia"
"richsoltra","richsoltra","0.09000","1","resplusindia"
"richsoltra","richsoltpro","0.09000","0","resplusindia"
"bulksmspnl","bulksmspnl","0.12000","1","resplusindia"
"bulksmspnl","bulksmspro","0.13000","0","resplusindia"
"niyamtech","niyamtech","0.14000","1","resplusindia"
"kanakrest","kanakrest","0.10000","1","resplusindia"
"crystaltra","crystaltra","0.14000","1","resplusindia"
"crystaltra","crystalpromo","0.14000","0","resplusindia"
"sayatrans","sayatrans","0.08500","1","resplusindia"
"burhaniservices","burhaniservices","0.15000","1","resplusindia"
"todlerr","todlerr","0.09000","1","resplusindia"
"psoft","psoft","0.25000","1","resplusindia"
"fortiust","loop Mumt","0.25000","1","resplusindia"
"fortiust","loop Mump","0.25000","0","resplusindia"
"dsingh","PROMO","0.20000","0","resplusindia"
"dsingh","TRANS","0.20000","1","resplusindia"
"litchi1","PROMO","0.08500","0","resplusindia"
"partysms","TRANS","0.10000","1","resplusindia"
"vastechindia1","trans1","0.09000","1","resplusindia"
"wsucorpr","PROMO","0.10000","0","resplusindia"
"wsucorpr","TRANS","0.10000","1","resplusindia"
"rplusind","transtt","0.00500","1","resplusindia"
"webdynamics","TRANS","0.11000","1","resplusindia"
"eboost","TRANS","0.10000","1","resplusindia"
"socialnoise","Promo","0.11000","0","resplusindia"
"sambnk","PROMO","0.09000","0","resplusindia"
"sambnk","TRANS","0.09000","1","resplusindia"
"finacus","PROMO","0.08000","0","resplusindia"
"finacus","TRANS","0.08000","1","resplusindia"
"profsysrel","PROMO","0.14000","0","resplusindia"
"profsysrel","TRANS","0.14000","1","resplusindia"
"nettech1","loop Mumt","0.10000","1","resplusindia"
"nettech1","loop Mump","0.10000","0","resplusindia"
"solutionrel","PROMO","0.20000","0","resplusindia"
"solutionrel","TRANS","0.20000","1","resplusindia"
"nstrel","PROMO","0.11000","0","resplusindia"
"slkres","TRANS","0.11000","1","resplusindia"
"maxmobiz","PROMO","0.10750","0","resplusindia"
"maxmobiz","TRANS","0.10750","1","resplusindia"
"smssol","PROMO","0.20000","0","resplusindia"
"smssol","TRANS","0.20000","1","resplusindia"
"pprakash","Promotional","0.11000","0","resplusindia"
"pprakash","Transactonal","0.11000","1","resplusindia"
"vrvrel","PROMO","0.20000","0","resplusindia"
"vrvrel","TRANS","0.20000","1","resplusindia"
"speedys","PROMO","0.20000","0","resplusindia"
"speedys","TRANS","0.20000","1","resplusindia"
"sssmark","PROMO","0.20000","0","resplusindia"
"sairesel","promo","0.09000","0","resplusindia"
"protonzblore","India","0.08500","0","resplusindia"
"anyadmin","Trans","0.10000","1","resplusindia"
"meerainfo","PROMO","0.20000","0","resplusindia"
"meerainfo","TRANS","0.20000","1","resplusindia"
"bjinforel","PROMO","0.20000","0","resplusindia"
"bjinforel","TRANS","0.20000","1","resplusindia"
"rplusind","TRANSR","0.30500","1","resplusindia"
"softgovtt","PROMO","0.20000","0","resplusindia"
"softgovtt","TRANS","0.20000","1","resplusindia"
"protonzblore","loop Mumt","0.08500","1","resplusindia"
"mantraoptin","PROMO","0.09000","0","resplusindia"
"mantraoptin","Trans","0.09000","1","resplusindia"
"globalcontent1","PROMO","0.20000","0","resplusindia"
"globalcontent1","TRANS","0.20000","1","resplusindia"
"drushtires","promo","0.20000","0","resplusindia"
"drushtires","Trans","0.20000","1","resplusindia"
"dskdigi","PROMO1","0.10000","0","resplusindia"
"dskdigi","trans1","0.10000","1","resplusindia"
"htmobr","PROMO","0.08250","0","resplusindia"
"expressp","PROMO1","0.10000","0","resplusindia"
"vnddis","promo","0.20000","0","resplusindia"
"vnddis","Trans","0.20000","1","resplusindia"
"greenleaf","PROMO1","0.09500","0","resplusindia"
"dapsol","PROMO","0.20000","0","resplusindia"
"dapsol","TRANS","0.20000","1","resplusindia"
"inboxrel","PROMO","0.20000","0","resplusindia"
"inboxrel","TRANS","0.20000","1","resplusindia"
"bulkdis","promo","0.20000","0","resplusindia"
"bulkdis","Trans","0.20000","1","resplusindia"
"sourcingres","TRANS","0.20000","1","resplusindia"
"kalshuklatrnc","loop Mum","0.25000","1","resplusindia"
"kalshuklatrnc","loop","0.25000","0","resplusindia"
"saisundaram","promo","0.20000","0","resplusindia"
"saisundaram","Trans","0.20000","1","resplusindia"
"mindwave","PROMO","0.20000","0","resplusindia"
"mindwave","TRANS","0.20000","1","resplusindia"
"besi","Promotional","0.09500","0","resplusindia"
"besi","Transactional","0.09500","1","resplusindia"
"thecolourmoon","loop","0.11000","1","resplusindia"
"thecolourmoon","loopp","0.11000","0","resplusindia"
"intelliverser","promo","0.15000","0","resplusindia"
"intelliverser","Trans","0.15000","1","resplusindia"
"horizontech","promo","0.20000","0","resplusindia"
"jdhres","loop","0.20000","1","resplusindia"
"jdhres","loopp","0.20000","0","resplusindia"
"anm1979","promo","0.10000","0","resplusindia"
"anm1979","loopt","0.10000","1","resplusindia"
"itbazaarrel","PROMO1","0.11000","0","resplusindia"
"itbazaarrel","trans1","0.11000","1","resplusindia"
"mlmsoftt","trans1","0.09500","1","resplusindia"
"sivayoinfo","PROMO1","0.20000","0","resplusindia"
"sivayoinfo","trans1","0.20000","1","resplusindia"
"ezysms","PROMO1","0.20000","0","resplusindia"
"ezysms","trans1","0.20000","1","resplusindia"
"individual","loopt","0.20000","1","resplusindia"
"individual","loopp","0.20000","0","resplusindia"
"inventpr","promo","0.09500","0","resplusindia"
"inventpr","Trans","0.09500","1","resplusindia"
"anubhavtel","PROMO1","0.20000","0","resplusindia"
"anubhavtel","trans1","0.20000","1","resplusindia"
"tssipl","promo","0.10000","0","resplusindia"
"tssipl","Trans","0.10000","1","resplusindia"
"ucsres","promo","0.20000","0","resplusindia"
"ucsres","Trans","0.20000","1","resplusindia"
"aspl","aspl","0.14000","0","resplusindia"
"aspl","asplt","0.14000","1","resplusindia"
"ritesolution","promo","0.20000","0","resplusindia"
"ritesolution","Trans","0.20000","1","resplusindia"
"metatran1","loopt","0.08500","1","resplusindia"
"metatran1","loopp","0.08500","0","resplusindia"
"vasudav","loopp","0.09000","0","resplusindia"
"vasudav","loopt","0.09000","1","resplusindia"
"shalomrel","loopp","0.20000","0","resplusindia"
"shalomrel","loopt","0.20000","1","resplusindia"
"jhdtcs","loopt","0.20000","1","resplusindia"
"jhdtcs","loopp","0.20000","0","resplusindia"
"horizonrel","PROMO1","0.12000","0","resplusindia"
"horizonrel","trans1","0.12000","1","resplusindia"
"kanakrest","PROMO","0.10000","0","resplusindia"
"applemedia","promo","0.09500","0","resplusindia"
"applemedia","Trans","0.09500","1","resplusindia"
"smsindiahubt","promo","0.09000","0","resplusindia"
"smsindiahubt","Trans","0.09000","1","resplusindia"
"kirusa1","pro","0.10000","0","resplusindia"
"kirusa1","tra","0.10000","1","resplusindia"
"sairel","PROMO1","0.09000","0","resplusindia"
"sairel","trans1","0.09000","1","resplusindia"
"xtechres","trans1","0.20000","1","resplusindia"
"anandrel","loopt","0.25000","1","resplusindia"
"anandrel","loopp","0.25000","0","resplusindia"
"thundersms","loopp","0.25000","0","resplusindia"
"thundersms","loopt","0.25000","1","resplusindia"
"frankfinnt","Pro","0.08500","0","resplusindia"
"happyvisit","Promo","0.20000","0","resplusindia"
"happyvisit","Trans","0.20000","1","resplusindia"
"mlmage","loopp","0.09500","0","resplusindia"
"quabizit","Pro","0.09000","0","resplusindia"
"quabizit","Tra","0.09000","1","resplusindia"
"indianre","Trans","0.08500","1","resplusindia"
"partysms","Promo","0.10000","0","resplusindia"
"newinfo","PROMO","0.20000","0","resplusindia"
"newinfo","TRANS","0.20000","1","resplusindia"
"transoft","promo","0.12000","0","resplusindia"
"transoft","Trans","0.12000","1","resplusindia"
"aryasol","Pro","0.20000","0","resplusindia"
"aryasol","Tra","0.20000","1","resplusindia"
"thinksms","loopp","0.10000","0","resplusindia"
"thinksms","loopt","0.10000","1","resplusindia"
"mhncp1","loopp","0.10000","0","resplusindia"
"skypointr","skypromo","0.20000","0","resplusindia"
"spacecomadmin","promo","0.08250","0","resplusindia"
"planett","promo","0.09000","0","resplusindia"
"bhejosmscamp","Promo","0.08250","0","resplusindia"
"teratelecom","loopt","0.13000","1","resplusindia"
"teratelecom","loopp","0.13000","0","resplusindia"
"boanres","promo","0.08000","0","resplusindia"
"boanres","Trans","0.08000","1","resplusindia"
"pcexpres","pcexpromo","0.12000","0","resplusindia"
"pcexpres","pcextrans","0.95000","1","resplusindia"
"smsmyntrares","myntrans","0.09500","1","resplusindia"
"smsmyntrares","mynpromo","0.09500","0","resplusindia"
"syndicateres","syndpromo","0.08500","0","resplusindia"
"syndicateres","syndtrans","0.08500","1","resplusindia"
"jbinfotech","jbinfpromo","0.12000","0","resplusindia"
"jbinfotech","jbinftrans","0.11000","1","resplusindia"
"bulkrese1ler","promo","0.20000","0","resplusindia"
"bulkrese1ler","Trans","0.20000","1","resplusindia"
"maxvalue","PROMO1","0.11000","0","resplusindia"
"maxvalue","trans1","0.11000","1","resplusindia"
"avanceres","promo","0.20000","0","resplusindia"
"avanceres","Trans","0.20000","1","resplusindia"
"massmarketing","PROMO1","0.08500","0","resplusindia"
"greycelll","PROMO1","0.09000","0","resplusindia"
"greycelll","trans1","0.09000","1","resplusindia"
"brandresel","promo","0.09250","0","resplusindia"
"brandresel","Trans","0.09250","1","resplusindia"
"frelancer","Promo","0.11000","0","resplusindia"
"nktelecomm","promo","0.10000","0","resplusindia"
"uttamtoyota","uttapromo","0.20000","0","resplusindia"
"uttamtoyota","uttatrans","0.20000","1","resplusindia"
"racftslpvteltd","racfpromo","0.10000","0","resplusindia"
"fastweb","promo","0.20000","0","resplusindia"
"fastweb","Trans","0.20000","1","resplusindia"
"msgmobile","PROMO1","0.10000","0","resplusindia"
"msgmobile","trans1","0.10000","1","resplusindia"
"vijai","promo","0.14000","0","resplusindia"
"vijai","Trans","0.14000","1","resplusindia"
"vermainfo","promo","0.20000","0","resplusindia"
"vermainfo","Trans","0.20000","1","resplusindia"
"helpline","HElPtrans","0.09000","1","resplusindia"
"24bar7res","promo","0.10000","0","resplusindia"
"24bar7res","Trans","0.10000","1","resplusindia"
"nilaress","Niltrans","0.12000","1","resplusindia"
"helpline","promo","0.09000","0","resplusindia"
"reliableres","promo","0.11000","0","resplusindia"
"reliableres","Trans","0.11000","1","resplusindia"
"nsentrade","Promo","0.12000","0","resplusindia"
"instalinkrel","promo","0.11000","0","resplusindia"
"instalinkrel","Trans","0.11000","1","resplusindia"
"letsdosmsres","promo","0.09000","0","resplusindia"
"letsdosmsres","Trans","0.09000","1","resplusindia"
"rightresel","promo","0.09000","0","resplusindia"
"rightresel","Trans","0.09000","1","resplusindia"
"argores1","Trans","0.08500","1","resplusindia"
"argores2","TRANS","0.08500","1","resplusindia"
"vastpromoo","PROMO1","0.20000","0","resplusindia"
"promtp","PROMO","0.20000","0","resplusindia"
"promtp","TRANS","0.20000","1","resplusindia"
"mobiprompr","PROMO","0.20000","0","resplusindia"
"mobipromtr","TRANS","0.20000","1","resplusindia"
"vasttecres","promo","0.20000","0","resplusindia"
"vasttecres","Trans","0.20000","1","resplusindia"
"avranim","PROMO","0.20000","0","resplusindia"
"avranim","TRANS","0.20000","1","resplusindia"
"innoress","Trans","0.08500","1","resplusindia"
"bhawanirel","PROMO1","0.20000","0","resplusindia"
"bhawanirel","trans1","0.20000","1","resplusindia"
"vduit","PROMO","0.20000","0","resplusindia"
"vduit","TRANS","0.20000","1","resplusindia"
"pretechrs","promo","0.11000","0","resplusindia"
"pretechrs","Trans","0.11000","1","resplusindia"
"mobeepayres","PROMO","0.14000","0","resplusindia"
"mahaoffers","trans1","0.08250","1","resplusindia"
"techamplify","PROMO","0.10000","0","resplusindia"
"techamplify","TRASN","0.10000","1","resplusindia"
"vskyrel","PROMO1","0.09500","0","resplusindia"
"vskyrel","trans1","0.09500","1","resplusindia"
"rpgraphics","PROMO1","0.20000","0","resplusindia"
"rpgraphics","trans1","0.20000","1","resplusindia"
"wisdom","PROMO","0.12000","0","resplusindia"
"wisdom","TRANS","0.12000","1","resplusindia"
"advancerel","advapro","0.09000","0","resplusindia"
"advancerel","advatra","0.09000","1","resplusindia"
"pcsupport","loopt","0.20000","1","resplusindia"
"pcsupport","loopp","0.20000","0","resplusindia"
"joopia","promo","0.20000","0","resplusindia"
"joopia","Trans","0.20000","1","resplusindia"
"ecssoft","promo","0.20000","0","resplusindia"
"ecssoft","Trans","0.20000","1","resplusindia"
"giscon","0.20","0.20000","0","resplusindia"
"giscon","TRANS","0.20000","1","resplusindia"
"gtechgr","promo","0.08500","0","resplusindia"
"gtechgr","trans","0.08500","1","resplusindia"
"hypernetrel","PRO","0.10000","0","resplusindia"
"hypernetrel","TRANS","0.10000","1","resplusindia"
"optingtech","loopp","0.08500","0","resplusindia"
"optingtech","loopt","0.08500","1","resplusindia"
"perfectsmslink","promo","0.20000","0","resplusindia"
"perfectsmslink","trans","0.20000","1","resplusindia"
"xxatsolution","promo","0.20000","0","resplusindia"
"xxatsolution","trans","0.20000","1","resplusindia"
"globalsol","trans1","0.09000","1","resplusindia"
"bombilmedia","promo","0.20000","0","resplusindia"
"bombilmedia","trans","0.20000","1","resplusindia"
"bulksmsngp","promo","0.20000","0","resplusindia"
"bulksmsngp","trans","0.20000","1","resplusindia"
"martt","TRANS","0.20000","1","resplusindia"
"esandesh","loopp","0.20000","0","resplusindia"
"esandesh","loopt","0.20000","1","resplusindia"
"harshidresel","promo","0.09000","0","resplusindia"
"harshidresel","trans","0.09000","1","resplusindia"
"prajapati1234","PROMO","0.20000","0","resplusindia"
"prajapati1234","TRANS","0.20000","1","resplusindia"
"austral","PROMO1","0.20000","0","resplusindia"
"austral","trans1","0.20000","1","resplusindia"
"shrut1","PROMO","0.20000","0","resplusindia"
"shrut1","TRANS","0.20000","1","resplusindia"
"dava","promo","0.20000","0","resplusindia"
"balajiit","promo","0.20000","0","resplusindia"
"balajiit","trans","0.20000","1","resplusindia"
"globalsol","promo","0.09000","0","resplusindia"
"gracerel","PROMO1","0.09000","0","resplusindia"
"gracerel","trans1","0.09000","1","resplusindia"
"ktechres","PROMO","0.10000","0","resplusindia"
"ktechres","TRANS","0.10000","1","resplusindia"
"shree12","loopp","0.20000","0","resplusindia"
"shree12","loopt","0.20000","1","resplusindia"
"arsaltr","arsapr","0.09000","0","resplusindia"
"arsaltr","arsatr","0.09000","1","resplusindia"
"saigajananpr","promo","0.20000","0","resplusindia"
"saigajananpr","trans","0.20000","1","resplusindia"
"smsengine","promo","0.20000","0","resplusindia"
"smsengine","trans","0.20000","1","resplusindia"
"codespurt","PROMO1","0.20000","0","resplusindia"
"codespurt","trans1","0.20000","1","resplusindia"
"sas12","loopp","0.20000","0","resplusindia"
"sas12","loopt","0.20000","1","resplusindia"
"solidaler","SOLIPR","0.20000","0","resplusindia"
"solidaler","SOLITR","0.20000","1","resplusindia"
"skyscript","PROMO","0.14000","0","resplusindia"
"skyscript","TRASN","0.14000","1","resplusindia"
"zenmediapr","promo","0.09000","0","resplusindia"
"zenmediapr","trans","0.09000","1","resplusindia"
"rightchoice12","PROMO","0.20000","0","resplusindia"
"airwaves","promo","0.08500","0","resplusindia"
"airwaves","trans","0.08500","1","resplusindia"
"prismstrans","acp","0.20000","0","resplusindia"
"prismstrans","act","0.20000","1","resplusindia"
"ssvt","promo","0.20000","0","resplusindia"
"ssvt","trans","0.20000","1","resplusindia"
"mobipromtr","loopp","0.20000","0","resplusindia"
"karva1","loopt","0.20000","1","resplusindia"
"karva1","loopp","0.20000","0","resplusindia"
"softinc","stplpro","0.10000","0","resplusindia"
"softinc","stpltrs","0.10000","1","resplusindia"
"udaysms","promo","0.09500","0","resplusindia"
"udaysms","trans","0.09500","1","resplusindia"
"investment","promo","0.20000","0","resplusindia"
"investment","trans","0.20000","1","resplusindia"
"amazant","promo","0.20000","0","resplusindia"
"amazant","trans","0.20000","1","resplusindia"
"skinfo","skipro","0.20000","0","resplusindia"
"skinfo","skitran","0.20000","1","resplusindia"
"vservu","loopp","0.20000","0","resplusindia"
"vservu","loopt","0.20000","1","resplusindia"
"shreeji2","promo","0.10000","0","resplusindia"
"shreeji2","trans","0.10000","1","resplusindia"
"nrusinghbulk","promo","0.20000","0","resplusindia"
"nrusinghbulk","trans","0.20000","1","resplusindia"
"e7webrel","promo","0.20000","0","resplusindia"
"e7webrel","trans","0.20000","1","resplusindia"
"prologicfirst","Tran","0.12000","1","resplusindia"
"ankitj","ankipro","0.20000","0","resplusindia"
"ankitj","ankitrns","0.20000","1","resplusindia"
"cyberlnge","PROMO1","0.20000","0","resplusindia"
"cyberlnge","trans1","0.20000","1","resplusindia"
"rcgemini","rcg","0.20000","0","resplusindia"
"rcgemini","rcgtr","0.20000","1","resplusindia"
"infotectt","trans1","0.20000","1","resplusindia"
"wiserel","wisepr","0.09000","0","resplusindia"
"orlando","Promotional","0.08900","0","resplusindia"
"orlando","Transactional","0.08900","1","resplusindia"
"superbulkdis","promo","0.20000","0","resplusindia"
"superbulkdis","trans","0.20000","1","resplusindia"
"greenfinger","promo","0.11000","0","resplusindia"
"greenfinger","trans","0.11000","1","resplusindia"
"carehpromo","promo","0.08500","0","resplusindia"
"sachinmehra","promo","0.09000","0","resplusindia"
"eworldrel","promo","0.09000","0","resplusindia"
"eworldrel","trans","0.09000","1","resplusindia"
"muzztechrel","Transactional","0.08500","1","resplusindia"
"vidhut","promo","0.20000","0","resplusindia"
"amey","trans1","0.20000","1","resplusindia"
"arppl1","promo","0.10000","0","resplusindia"
"arppl1","trans","0.10000","1","resplusindia"
"hyosung1","hyopro","0.11000","0","resplusindia"
"hyosung1","hyotrns","0.11000","1","resplusindia"
"dial4smsres","promo","0.20000","0","resplusindia"
"dial4smsres","trans","0.20000","1","resplusindia"
"hakimitrans","promo","0.20000","0","resplusindia"
"hakimitrans","trans","0.20000","1","resplusindia"
"masudr","PROMO1","0.08750","0","resplusindia"
"masudr","trans1","0.08750","1","resplusindia"
"protocol","promo","0.09500","0","resplusindia"
"protocol","trans","0.09500","1","resplusindia"
"brandrecourse","promo","0.09250","0","resplusindia"
"brandrecourse","trans","0.09250","1","resplusindia"
"hellosuper","promo","0.20000","0","resplusindia"
"hellosuper","trans","0.20000","1","resplusindia"
"smsvalley","promo","0.20000","0","resplusindia"
"smsvalley","trans","0.20000","1","resplusindia"
"ssv2","promo","0.20000","0","resplusindia"
"ssv2","trans","0.20000","1","resplusindia"
"fastsmsss","promo","0.20000","0","resplusindia"
"icmsms","icmsmspr","0.20000","0","resplusindia"
"icmsms","icmsmstr","0.20000","1","resplusindia"
"solutionst","trans","0.12000","1","resplusindia"
"csafe1","trans","0.10000","1","resplusindia"
"slkres","slkpro","0.11000","0","resplusindia"
"choice","PROMO1","0.08500","0","resplusindia"
"choice","Tran1","0.08500","1","resplusindia"
"incredible1","promo","0.20000","0","resplusindia"
"incredible1","trans","0.20000","1","resplusindia"
"simpact","pro","0.10000","0","resplusindia"
"simpact","trans","0.10000","1","resplusindia"
"satnamrel","satnamrel","0.08500","1","resplusindia"
"ehubtt","ehubtrn","0.08900","1","resplusindia"
"bhavyarel","trans","0.09000","1","resplusindia"
"varchasva","promo","0.20000","0","resplusindia"
"creatift","ctpltr","0.10000","1","resplusindia"
"smsforit","smsfortrn","0.08250","1","resplusindia"
"4glotecres","promo","0.20000","0","resplusindia"
"4glotecres","trans","0.20000","1","resplusindia"
"amir","promo","0.20000","0","resplusindia"
"mukeshres","promo","0.10000","0","resplusindia"
"mukeshres","trans","0.10000","1","resplusindia"
"oneit1it","oneitpr","0.11000","0","resplusindia"
"oneit1it","oneittr","0.11000","1","resplusindia"
"creatift","promo","0.10000","0","resplusindia"
"sahakar1","trans","0.10000","1","resplusindia"
"mahaoffers","PROMO1","0.08250","0","resplusindia"
"rahulpr","promo","0.09000","0","resplusindia"
"mmsolution","PROMO1","0.09500","0","resplusindia"
"mmsolution","TRANS1","0.20000","1","resplusindia"
"edgep","PROMO1","0.20000","0","resplusindia"
"tdires","promo","0.09000","0","resplusindia"
"tdires","trans","0.09000","1","resplusindia"
"atsrecharge","loopt","0.09000","1","resplusindia"
"sdssolution","TRANS1","0.20000","1","resplusindia"
"valmakkres","promo","0.10000","0","resplusindia"
"valmakkres","trans","0.10000","1","resplusindia"
"eins1t","trans","0.09000","1","resplusindia"
"eins1t"," eins1p","0.09000","0","resplusindia"
"softtech1","trans","0.20000","1","resplusindia"
"cachetsoft","promo","0.13000","0","resplusindia"
"cachetsoft","trans","0.13000","1","resplusindia"
"jayahotr","jaytr","0.08850","1","resplusindia"
"krispalrel","PROMO1","0.09000","0","resplusindia"
"krispalrel","Trans1","0.09000","1","resplusindia"
"syncroftadmin","synctr","0.14000","1","resplusindia"
"massmarketing","masstr","0.08500","1","resplusindia"
"iconsystemr","iccspr","0.20000","0","resplusindia"
"iconsystemr","icsstr","0.20000","1","resplusindia"
"gatikit1","gatipr","0.20000","0","resplusindia"
"gatikit1","gatitr","0.20000","1","resplusindia"
"bankai1","promo","0.09500","0","resplusindia"
"bankai1","trans","0.09500","1","resplusindia"
"sunsoft","PROMO1","0.20000","0","resplusindia"
"sunsoft","TRANS1","0.20000","1","resplusindia"
"amrittrans","loopt","0.20000","1","resplusindia"
"amrittrans","loopp","0.20000","0","resplusindia"
"capitalrchrg","trans","0.20000","1","resplusindia"
"technosys","PROMO1","0.20000","0","resplusindia"
"technosys","TRANS1","0.20000","1","resplusindia"
"muzztechrel","promo","0.08500","0","resplusindia"
"pathlab","trans","0.11000","1","resplusindia"
"embnss","trans","0.20000","1","resplusindia"
"iwtp","PROMO","0.20000","0","resplusindia"
"jksmart1","PROMO","0.20000","0","resplusindia"
"katsinfo","loopt","0.10000","1","resplusindia"
"katsinfo","loopp","0.10000","0","resplusindia"
"deeksoftr","promo","0.20000","0","resplusindia"
"deeksoftr","trans","0.20000","1","resplusindia"
"sently","PROMO","0.20000","0","resplusindia"
"unifiedres","promo","0.16000","0","resplusindia"
"unifiedres","trans","0.16000","1","resplusindia"
"bigrecharge","PROMO","0.09000","0","resplusindia"
"medya","PROMO","0.08500","0","resplusindia"
"nityaares","promo","0.20000","0","resplusindia"
"nityaares","trans","0.20000","1","resplusindia"
"ovmedia","promo","0.20000","0","resplusindia"
"ovmedia","trans","0.20000","1","resplusindia"
"massmarket","PROMO1","0.08500","0","resplusindia"
"massmarket","TRANS1","0.08500","1","resplusindia"
"mushroomrel","PROMO1","0.20000","0","resplusindia"
"mushroomrel","TRANS1","0.20000","1","resplusindia"
"dreamvalleyre","promo","0.20000","0","resplusindia"
"dreamvalleyre","trans","0.20000","1","resplusindia"
"spbpp","PROMO1","0.10000","0","resplusindia"
"spbpp","TRANS1","0.10000","1","resplusindia"
"rkvitsolres","promo","0.20000","0","resplusindia"
"rkvitsolres","trans","0.20000","1","resplusindia"
"creeperpnp","PROMO","0.20000","0","resplusindia"
"spiderrel","loopp","0.10000","0","resplusindia"
"spiderrel","loopt","0.10000","1","resplusindia"
"egenservi","PROMO","0.20000","0","resplusindia"
"wiserel","wisetr","0.09000","1","resplusindia"
"smseasyotp","bst","0.08750","1","resplusindia"
"trylop","TRYLOP","0.20000","0","resplusindia"
"trylop","TRYLOT","0.20000","1","resplusindia"
"smsflighttr","promo","0.20000","0","resplusindia"
"activet","bst","0.20000","0","resplusindia"
"activet","bst1","0.20000","1","resplusindia"
"krazymantra","promo","0.20000","0","resplusindia"
"krazymantra","trans","0.20000","1","resplusindia"
"deetyasoft","PROMO","0.08500","0","resplusindia"
"deetyasoft","Trans","0.08500","1","resplusindia"
"firstoptionrs","trans","0.20000","1","resplusindia"
"vlnsolutions","PROMO1","0.20000","0","resplusindia"
"bigrecharge","bst1","0.09000","1","resplusindia"
"sirsmal","PROMO1","0.20000","0","resplusindia"
"sirsmal","TRANS1","0.20000","1","resplusindia"
"harjeetrel","PROMO1","0.09000","0","resplusindia"
"harjeetrel","Trans1","0.09000","1","resplusindia"
"razits","Trans","0.08350","1","resplusindia"
"smszoom","promo","0.20000","0","resplusindia"
"smszoom","trans","0.20000","1","resplusindia"
"corvus1","bst","0.20000","0","resplusindia"
"corvus1","bst1","0.20000","1","resplusindia"
"aacapital","promo","0.20000","0","resplusindia"
"aacapital","trans","0.20000","1","resplusindia"
"hindustanrel","Trans1","0.20000","1","resplusindia"
"waysandscrub","bst","0.11000","0","resplusindia"
"ssvtechnologies","promo","0.20000","0","resplusindia"
"ssvtechnologies","trans","0.20000","1","resplusindia"
"crecsent","promo","0.20000","0","resplusindia"
"crecsent","trans","0.20000","1","resplusindia"
"waysandscrub","trans","0.11000","1","resplusindia"
"datamanres","promo","0.09000","0","resplusindia"
"datamanres","trans","0.09000","1","resplusindia"
"softechnetwor","PROMO","0.20000","0","resplusindia"
"softechnetwor","Trans","0.20000","1","resplusindia"
"threedpro","PROMO","0.20000","0","resplusindia"
"bimcores","promo","0.12000","0","resplusindia"
"bimcores","trans","0.12000","1","resplusindia"
"getsvision","getspr","0.20000","0","resplusindia"
"getsvision","getstr","0.20000","1","resplusindia"
"makesms","maktrn","0.08500","1","resplusindia"
"vssolutions","vssopr","0.09000","0","resplusindia"
"vssolutions","vssotr","0.09000","1","resplusindia"
"maanyait","Trans1","0.10000","1","resplusindia"
"shop4web","promo","0.20000","0","resplusindia"
"shop4web","trans","0.20000","1","resplusindia"
"springed","spripro","0.20000","0","resplusindia"
"springed","spritrns","0.20000","1","resplusindia"
"dilatores","promo","0.20000","0","resplusindia"
"dilatores","trans","0.20000","1","resplusindia"
"bsksoft","bst","0.20000","0","resplusindia"
"bsksoft","bst1","0.20000","1","resplusindia"
"webtt","wttpr","0.09000","0","resplusindia"
"webtt","wttr","0.09000","1","resplusindia"
"makesms","promo","0.08500","0","resplusindia"
"jarulssres","trans","0.20000","1","resplusindia"
"rmlres","rmlrTr","0.08000","1","resplusindia"
"employment","bst1","0.20000","0","resplusindia"
"employment","bst","0.20000","1","resplusindia"
"webpune","bst1","0.20000","0","resplusindia"
"webpune","bst","0.20000","1","resplusindia"
"dreamsmedia","bst1","0.20000","0","resplusindia"
"dreamsmedia","bst","0.20000","1","resplusindia"
"prapanind","promo","0.20000","0","resplusindia"
"prapanind","trans","0.20000","1","resplusindia"
"bluewavescrub","promo","0.08500","0","resplusindia"
"bluewavescrub","trans","0.08500","1","resplusindia"
"phoenixres","promo","0.08500","0","resplusindia"
"phoenixres","trans","0.08500","1","resplusindia"
"jarulssres","bst","0.20000","0","resplusindia"
"wallsystem","bst1","0.20000","0","resplusindia"
"wallsystem","bst","0.20000","1","resplusindia"
"softnex","bst1","0.20000","0","resplusindia"
"ionbees","ionpr","0.20000","0","resplusindia"
"ionbees","iontr","0.20000","1","resplusindia"
"smsprajapati","promo","0.09000","0","resplusindia"
"smsprajapati","trans","0.09000","1","resplusindia"
"omdigitalr","bst1","0.20000","0","resplusindia"
"omdigitalr","bst","0.20000","1","resplusindia"
"blossominfo","bst1","0.20000","0","resplusindia"
"blossominfo","bst","0.20000","1","resplusindia"
"creatiwitty","promo","0.15000","0","resplusindia"
"aptrs","PROMO","0.18000","0","resplusindia"
"aptrs","Trans","0.18000","1","resplusindia"
"smsnmediarel","smipr","0.08500","0","resplusindia"
"smsnmediarel","smitr","0.08500","1","resplusindia"
"massncdm","Trans1","0.08500","1","resplusindia"
"webvantech","wvttr","0.20000","1","resplusindia"
"tenetitrel","promo","0.20000","0","resplusindia"
"tenetitrel","trans","0.20000","1","resplusindia"
"lionsms","bstp","0.20000","0","resplusindia"
"lionsms","bstt","0.20000","1","resplusindia"
"bulksmsvizag","promo","0.20000","0","resplusindia"
"bulksmsvizag","trans","0.20000","1","resplusindia"
"atsrecharge","promo","0.09000","0","resplusindia"
"dskadmin","Trans","0.08500","1","resplusindia"
"imagorel","PROMO","0.08500","0","resplusindia"
"massncdm","promo","0.08500","0","resplusindia"
"igniteagt","PROMO","0.20000","0","resplusindia"
"igniteagt","Trans","0.20000","1","resplusindia"
"deetyasoftscrub","transcrub","0.08500","1","resplusindia"
"mansoftrel","promo","0.20000","0","resplusindia"
"mansoftrel","trans","0.20000","1","resplusindia"
"jittrans","bstp","0.20000","0","resplusindia"
"jittrans","bstt","0.20000","1","resplusindia"
"stplict1","bstp","0.20000","0","resplusindia"
"stplict1","bstt","0.20000","1","resplusindia"
"gisconnect","promo","0.20000","0","resplusindia"
"gisconnect","trans","0.20000","1","resplusindia"
"jayahotr","promo","0.08850","0","resplusindia"
"htsmt","promo","0.20000","0","resplusindia"
"htsmt","trans","0.20000","1","resplusindia"
"diksha","promo","0.13000","0","resplusindia"
"odds1p","promo","0.20000","0","resplusindia"
"odds1p","trans","0.20000","1","resplusindia"
"nsgtrans","trans1","0.20000","1","resplusindia"
"itsolutionn","Trans1","0.08500","1","resplusindia"
"mawaleinfo","bstp","0.20000","0","resplusindia"
"mawaleinfo","bstt","0.20000","1","resplusindia"
"solutionres","bstp","0.09000","0","resplusindia"
"solutionres","bstt","0.09000","1","resplusindia"
"nsentrade","trans","0.12000","1","resplusindia"
"verticaltechres","promo","0.09000","0","resplusindia"
"verticaltechres","trans","0.09000","1","resplusindia"
"ajkinfores","promo","0.08500","0","resplusindia"
"ajkinfores","trans","0.08500","1","resplusindia"
"lexcisre","bstp","0.20000","0","resplusindia"
"lexcisre","bstt","0.20000","1","resplusindia"
"moneyresell","bstp","0.09000","0","resplusindia"
"moneyresell","bstt","0.09000","1","resplusindia"
"momark","PROMO1","0.20000","0","resplusindia"
"momark","TRANS1","0.20000","1","resplusindia"
"zygontech","PROMO1","0.20000","0","resplusindia"
"zygontech","TRANS1","0.20000","1","resplusindia"
"sktelecom","sktepr","0.20000","0","resplusindia"
"sktelecom","sktetr","0.20000","1","resplusindia"
"intelliorel","PROMO1","0.13000","0","resplusindia"
"intelliorel","TRANS1","0.13000","1","resplusindia"
"techresel","promo","0.09000","0","resplusindia"
"techresel","trans","0.09000","1","resplusindia"
"genxrel","promo","0.08250","0","resplusindia"
"genxrel","trans","0.08250","1","resplusindia"
"visionsoft","bstp","0.09000","0","resplusindia"
"visionsoft","bstt","0.09000","1","resplusindia"
"purpletele","promo","0.08500","0","resplusindia"
"purpletele","trans","0.08500","1","resplusindia"
"aprst","TRANS1","0.20000","1","resplusindia"
"havockres","promo","0.09000","0","resplusindia"
"havockres","trans","0.09000","1","resplusindia"
"mobmeres","Transscrub","0.07900","1","resplusindia"
"a2zsolution","promo","0.09000","0","resplusindia"
"a2zsolution","trans","0.09000","1","resplusindia"
"apttechno","PROMO1","0.20000","0","resplusindia"
"apttechno","TRANS1","0.20000","1","resplusindia"
"cybernician","promo","0.20000","0","resplusindia"
"cybernician","trans","0.20000","1","resplusindia"
"techmtrans","PROMO1","0.20000","0","resplusindia"
"techmtrans","TRANS1","0.20000","1","resplusindia"
"shelarautomotiv","sautpr","0.08500","0","resplusindia"
"shelarautomotiv","sauttr","0.08500","1","resplusindia"
"bluecoderel","bstp","0.10000","0","resplusindia"
"bluecoderel","bstt","0.10000","1","resplusindia"
"sribalajitech","bstp","0.20000","0","resplusindia"
"sribalajitech","bstt","0.20000","1","resplusindia"
"intelliopro","promo1","0.08500","0","resplusindia"
"nextrans","Trans","0.20000","1","resplusindia"
"intelliopro","trans","0.08500","1","resplusindia"
"yashtvs","promo","0.12000","0","resplusindia"
"yashtvs","trans","0.12000","1","resplusindia"
"maharel","trans1","0.08250","1","resplusindia"
"preconet","bstp","0.20000","0","resplusindia"
"preconet","bstt","0.20000","1","resplusindia"
"samararel","promo1","0.20000","0","resplusindia"
"samararel","trans1","0.20000","1","resplusindia"
"neelandres","promo","0.20000","0","resplusindia"
"neelandres","trans","0.20000","1","resplusindia"
"pioneerr","promo","0.13000","0","resplusindia"
"pioneerr","trans","0.13000","1","resplusindia"
"pacficrel","promo1","0.10000","0","resplusindia"
"pacficrel","trans1","0.10000","1","resplusindia"
"bizarre","bizatr","0.20000","1","resplusindia"
"sharmacompany","promo","0.09000","0","resplusindia"
"sharmacompany","trans","0.09000","1","resplusindia"
"sadanre","promo","0.15000","0","resplusindia"
"sadanre","trans","0.15000","1","resplusindia"
"bharatindres","bstp","0.20000","0","resplusindia"
"bharatindres","bstt","0.20000","1","resplusindia"
"sitsnarhe","trans","0.20000","1","resplusindia"
"bharatres","promo","0.20000","0","resplusindia"
"bharatres","trans","0.20000","1","resplusindia"
"vennelares","promo","0.20000","0","resplusindia"
"vennelares","trans","0.20000","1","resplusindia"
"vibgyor","trans","0.09250","1","resplusindia"
"vibgyor","promo","0.09250","0","resplusindia"
"niatechrs","niapr","0.20000","0","resplusindia"
"niatechrs","niatr","0.20000","1","resplusindia"
"quadrantrel","PROMO","0.09000","0","resplusindia"
"quadrantrel","Trans","0.09000","1","resplusindia"
"vistrans","Trans","0.20000","1","resplusindia"
"wipro","Promo","0.09500","0","resplusindia"
"regpfz","bstt","0.09500","1","resplusindia"
"dreamz","promo","0.20000","0","resplusindia"
"dreamz","trans","0.20000","1","resplusindia"
"leadsre","bstp","0.09000","0","resplusindia"
"leadsre","bstt","0.09000","1","resplusindia"
"nakodaresel","bstp","0.09000","0","resplusindia"
"nakodaresel","bstt","0.09000","1","resplusindia"
"hindusthan","promo","0.09000","0","resplusindia"
"hindusthan","trans","0.09000","1","resplusindia"
"hindustantra","bstp","0.20000","0","resplusindia"
"hindustantra","bstt","0.20000","1","resplusindia"
"w2wtsreseller","promo","0.08750","0","resplusindia"
"w2wtsreseller","trans","0.08750","1","resplusindia"
"eduwrite","promo","0.20000","0","resplusindia"
"eduwrite","trans","0.20000","1","resplusindia"
"5nancerslr","Promo1","0.20000","0","resplusindia"
"5nancerslr","Trans1","0.20000","1","resplusindia"
"sritechresel","bstt","0.10000","1","resplusindia"
"abym","promo","0.20000","0","resplusindia"
"abym","trans","0.20000","1","resplusindia"
"successrel","promo1","0.15000","0","resplusindia"
"successrel","trans1","0.15000","1","resplusindia"
"otmreseller","Promo1","0.20000","0","resplusindia"
"otmreseller","trans1","0.20000","1","resplusindia"
"saicable","saicpr","0.13000","0","resplusindia"
"saicable","saictr","0.13000","1","resplusindia"
"mediakatres","promo","0.20000","0","resplusindia"
"mediakatres","trans","0.20000","1","resplusindia"
"mducom","bstp","0.20000","0","resplusindia"
"mducom","bstt","0.20000","1","resplusindia"
"onlinerecharge","PROMO","0.20000","0","resplusindia"
"onlinerecharge","Trans","0.20000","1","resplusindia"
"prosols","bstt","0.20000","0","resplusindia"
"prosols","bst","0.20000","1","resplusindia"
"ahmed","bst","0.20000","0","resplusindia"
"ahmed","bstt","0.20000","1","resplusindia"
"oneindiarel","ointr","0.10000","1","resplusindia"
"oneindiarel","oinpr","0.10000","0","resplusindia"
"yodi","bstp","0.15000","0","resplusindia"
"yodi","bst","0.15000","1","resplusindia"
"mservices","bstp","0.09000","0","resplusindia"
"mservices","bst","0.09000","1","resplusindia"
"mavericktele","mavtr","0.08500","1","resplusindia"
"clayres","promo","0.12000","0","resplusindia"
"clayres","trans","0.12000","1","resplusindia"
"dattatrayauto","bstp","0.11000","0","resplusindia"
"dattatrayauto","bst","0.11000","1","resplusindia"
"asapres","trans1","0.08500","1","resplusindia"
"asapres","promo","0.08500","0","resplusindia"
"mavericktele","mavpr","0.08500","0","resplusindia"
"neuronimbus","promo1","0.20000","0","resplusindia"
"neuronimbus","trans1","0.20000","1","resplusindia"
"softres","promo","0.17000","0","resplusindia"
"softres","trans","0.17000","1","resplusindia"
"technoresel","bstp","0.11000","0","resplusindia"
"technoresel","bstt","0.11000","1","resplusindia"
"asaptransres","promo","0.08500","0","resplusindia"
"asaptransres","trans","0.08500","1","resplusindia"
"vaidyaauto","bstp","0.20000","0","resplusindia"
"vaidyaauto","bstt","0.20000","1","resplusindia"
"issac","bstp","0.10000","0","resplusindia"
"issac","bstt","0.10000","1","resplusindia"
"ankitpromo","avc","0.20000","0","resplusindia"
"ankitpromo","avctr","0.20000","1","resplusindia"
"mcarboncam","bstt","0.08500","1","resplusindia"
"techbizresel","bstp","0.09000","0","resplusindia"
"techbizresel","bstt","0.09000","1","resplusindia"
"pacficpro","promo","0.20000","0","resplusindia"
"abraindia","bstp","0.20000","0","resplusindia"
"abraindia","bstt","0.20000","1","resplusindia"
"mymca","PROMO","0.20000","0","resplusindia"
"mymca","Trans","0.20000","1","resplusindia"
"mcarboncam","promo1","0.08500","0","resplusindia"
"yashaswires","bstp","0.20000","0","resplusindia"
"yashaswires","bstt","0.20000","1","resplusindia"
"adsllp","promo1","0.10000","0","resplusindia"
"adsllp","trans1","0.10000","1","resplusindia"
"nkoinfoind","bstp","0.20000","0","resplusindia"
"nkoinfoind","bstt","0.20000","1","resplusindia"
"waterres","watpr","0.09000","0","resplusindia"
"waterres","wattr","0.09000","1","resplusindia"
"iiplreseller","promo","0.20000","0","resplusindia"
"iiplreseller","trans","0.20000","1","resplusindia"
"edusquare","promo","0.10000","0","resplusindia"
"edusquare","trans","0.10000","1","resplusindia"
"ambikamulti","bstp","0.09000","0","resplusindia"
"ambikamulti","bstt","0.09000","1","resplusindia"
"crunchres","bstp","0.09000","0","resplusindia"
"crunchres","bstt","0.09000","1","resplusindia"
"satyajeet","Trans","0.20000","1","resplusindia"
"satyajeet","Pro","0.20000","0","resplusindia"
"unifiedscrub","trans","0.16000","1","resplusindia"
"nucleusrel","promo1","0.08500","0","resplusindia"
"nucleusrel","trans1","0.08500","1","resplusindia"
"loanwallee","bstp","0.20000","0","resplusindia"
"loanwallee","bstt","0.20000","1","resplusindia"
"silveroak","Trans","0.12000","1","resplusindia"
"tsggroup","Pro","0.08500","0","resplusindia"
"tsggroup","Trans","0.08500","1","resplusindia"
"nayati","PROMO","0.20000","0","resplusindia"
"nayati","Trans","0.20000","1","resplusindia"
"cheaprslr","PROMO","0.09000","0","resplusindia"
"cheaprslr","Trans","0.09000","1","resplusindia"
"ggsoft","bstp","0.20000","0","resplusindia"
"ggsoft","bstt","0.20000","1","resplusindia"
"jdaasres","promo","0.20000","0","resplusindia"
"jdaasres","trans","0.20000","1","resplusindia"
"softcare","Trans","0.08500","1","resplusindia"
"softcare","Pro","0.08500","0","resplusindia"
"gdinfo","gdipr","0.20000","0","resplusindia"
"gdinfo","gditr","0.20000","1","resplusindia"
"ezytra","ezyt","0.20000","0","resplusindia"
"swarajindrest","Promo","0.10000","0","resplusindia"
"160sms","Promo","0.14000","0","resplusindia"
"engibizt","Promo","0.12000","0","resplusindia"
"jitsoft","promo","0.12000","0","resplusindia"
"jninewst","promo","0.12000","0","resplusindia"
"ssdindiasmpp","Promo","0.13000","0","resplusindia"
"bulksmswala1","Promo","0.09000","0","resplusindia"
"deetyasoftscrub","promo","0.08500","0","resplusindia"
"maharel","Promo","0.08250","0","resplusindia"
"tachussolutions","promo","0.14000","0","resplusindia"
"unifiedscrub","promo","0.16000","0","resplusindia"
"addworld","Promo","0.11000","0","resplusindia"
"mobmeres","promo","0.07900","0","resplusindia"
"bulksmsservices","Promo","0.10000","0","resplusindia"
"jaintrans","Promo","0.10000","0","resplusindia"
"messagepointt","Promo","0.10000","0","resplusindia"
"razits","Promo","0.08350","0","resplusindia"
"sayatransmtnl","Promo","0.08500","0","resplusindia"
"a1sreseller","A1sTran","0.08750","0","resplusindia"
"smssevat","Promo","0.14000","0","resplusindia"
"a1sreseller","A1sPromo","0.08750","1","resplusindia"
"srvoip","Promo","0.14000","0","resplusindia"
"vcaret","Promo","0.14000","0","resplusindia"
"pyramidres","promo","0.20000","0","resplusindia"
"pyramidres","trans","0.20000","1","resplusindia"
"naturalsms","Pro","0.10000","0","resplusindia"
"naturalsms","Trans","0.10000","1","resplusindia"
"smsprovider","PROMO","0.20000","0","resplusindia"
"smsprovider","Trans","0.20000","1","resplusindia"
"indiapro","Promo","0.09000","0","resplusindia"
"indiapro","Trans","0.09000","1","resplusindia"
"smartresel","promo","0.20000","0","resplusindia"
"smartresel","trans","0.20000","1","resplusindia"
"satnamrel","Satnampr","0.08500","0","resplusindia"
"saltres","Trans","0.20000","1","resplusindia"
"azmarqrel","Trans","0.08150","1","resplusindia"
"aaryan","Pro","0.10000","0","resplusindia"
"aaryan","Trans","0.10000","1","resplusindia"
"brainrel","bstp","0.10000","0","resplusindia"
"brainrel","bstt","0.10000","1","resplusindia"
"dynamicrel","Promo","0.20000","0","resplusindia"
"dynamicrel","Trans","0.20000","1","resplusindia"
"vastutra","vvi","0.11000","0","resplusindia"
"vastutra","vvitr","0.11000","1","resplusindia"
"fosterfranchise","Pro","0.10000","0","resplusindia"
"fosterfranchise","Trans","0.10000","1","resplusindia"
"activecommres","acopr","0.20000","0","resplusindia"
"activecommres","acotr","0.20000","1","resplusindia"
"gagriservices","promo","0.09000","0","resplusindia"
"gagriservices","trans","0.09000","1","resplusindia"
"elseworld","els","0.09000","0","resplusindia"
"elseworld","elstr","0.09000","1","resplusindia"
"emart","emrtpr","0.09000","0","resplusindia"
"emart","emrttr","0.09000","1","resplusindia"
"raceme","bstp","0.10000","0","resplusindia"
"raceme","bstt","0.10000","1","resplusindia"
"viveksadmin","Vivekstran","0.08750","1","resplusindia"
"viveksadmin","ViveksPromo1","0.08750","0","resplusindia"
"arcapital","promo","0.08750","0","resplusindia"
"arcapital","trans","0.08750","1","resplusindia"
"rigitechres","promo","0.20000","0","resplusindia"
"rigitechres","trans","0.20000","1","resplusindia"
"viveksadmintran","PureTrans","0.08750","1","resplusindia"
"allsmsres","promo1","0.08500","0","resplusindia"
"allsmsres","trans1","0.08500","1","resplusindia"
"smsres","bstp","0.20000","0","resplusindia"
"smsres","bstt","0.20000","1","resplusindia"
"mysuvidha","Pro","0.20000","0","resplusindia"
"mysuvidha","Trans","0.20000","1","resplusindia"
"futuretrade","Promo","0.08000","0","resplusindia"
"bmsolutionres","Promo","0.20000","0","resplusindia"
"bmsolutionres","Trans","0.20000","1","resplusindia"
"sirsaint","Promo","0.20000","0","resplusindia"
"sirsaint","Trans","0.20000","1","resplusindia"
"iotroztech","Pro","0.10000","0","resplusindia"
"iotroztech","Trans","0.10000","1","resplusindia"
"briquetec","bstp","0.10000","0","resplusindia"
"briquetec","bstt","0.10000","1","resplusindia"
"valueworx","trans1","0.20000","1","resplusindia"
"csfinancial","promo","0.20000","0","resplusindia"
"kyisolutionres","promo","0.08250","0","resplusindia"
"riteshinfo","Trans","0.08500","1","resplusindia"
"bigrock","Promo","0.20000","0","resplusindia"
"bigrock","Trans","0.20000","1","resplusindia"
"intagliores","Promo","0.20000","0","resplusindia"
"intagliores","Trans","0.20000","1","resplusindia"
"kraanti","bstp","0.20000","0","resplusindia"
"kraanti","bstt","0.20000","1","resplusindia"
"47billionres","promo","0.20000","0","resplusindia"
"47billionres","trans","0.20000","1","resplusindia"
"crbweb","Promo","0.08500","0","resplusindia"
"crbweb","Trans","0.08500","1","resplusindia"
"agrotrel","bstp","0.09000","0","resplusindia"
"agrotrel","bstt","0.09000","1","resplusindia"
"gravitires","Promo","0.09000","0","resplusindia"
"gravitires","Trans","0.09000","1","resplusindia"
"graffitres","bstp","0.18000","0","resplusindia"
"graffitres","bstt","0.18000","1","resplusindia"
"edatarel","Promo","0.09000","0","resplusindia"
"edatarel","Trans","0.09000","1","resplusindia"
"gingp","promo1","0.20000","0","resplusindia"
"gingp","trans1","0.20000","1","resplusindia"
"hconstruction","bstp","0.20000","0","resplusindia"
"hconstruction","bstt","0.20000","1","resplusindia"
"spaceedger","Promo","0.20000","0","resplusindia"
"intechres","Promo","0.08000","0","resplusindia"
"intechres","Trans","0.08000","1","resplusindia"
"annantrel","Promo","0.20000","0","resplusindia"
"annantrel","Trans","0.20000","1","resplusindia"
"azmarqrel","Promo","0.08150","0","resplusindia"
"netfishrel","promo","0.08250","0","resplusindia"
"netfishrel","trans","0.08250","1","resplusindia"
"cedarinfo","Promo","0.20000","0","resplusindia"
"cedarinfo","Trans","0.20000","1","resplusindia"
"indiawebsoft","promo1","0.09000","0","resplusindia"
"indiawebsoft","trans1","0.09000","1","resplusindia"
"wherrelz","promo1","0.20000","0","resplusindia"
"wherrelz","trans1","0.20000","1","resplusindia"
"rosemary","Promo","0.14000","0","resplusindia"
"rosemary","Trans","0.14000","1","resplusindia"
"rechargeguru","bstp","0.09000","0","resplusindia"
"rechargeguru","bstt","0.09000","1","resplusindia"
"minavo","bstp","0.20000","0","resplusindia"
"minavo","bstt","0.20000","1","resplusindia"
"liveairr","Promo","0.07900","0","resplusindia"
"liveairr","Trans","0.07900","1","resplusindia"
"eternores","promo","0.08500","0","resplusindia"
"eternores","trans","0.08500","1","resplusindia"
"ipaisa","bstp","0.09000","0","resplusindia"
"ipaisa","bstt","0.09000","1","resplusindia"
"promosmsp","trans","0.20000","1","resplusindia"
"eurekaf","Promo","0.08500","0","resplusindia"
"eurekaf","Trans","0.08500","1","resplusindia"
"mcintellect","promo","0.08500","0","resplusindia"
"mcintellect","tra","0.08500","1","resplusindia"
"bhavin5683","Trans","0.20000","1","resplusindia"
"webmahalres","promo","0.20000","0","resplusindia"
"webmahalres","trans","0.20000","1","resplusindia"
"infiniaind","bstp","0.12000","0","resplusindia"
"infiniaind","bstt","0.12000","1","resplusindia"
"adysoft","Promo","0.09000","0","resplusindia"
"adysoft","Trans","0.09000","1","resplusindia"
"kargostecres","promo","0.20000","0","resplusindia"
"kargostecres","trans","0.20000","1","resplusindia"
"pgvclres","Promo","0.07524","0","resplusindia"
"pgvclres","Trans","0.07524","1","resplusindia"
"roundpayt","Promo","0.09000","0","resplusindia"
"roundpayt","Trans","0.09000","1","resplusindia"
"discover","promo1","0.12000","0","resplusindia"
"discover","trans1","0.12000","1","resplusindia"
"aegisit","Promo","0.12000","0","resplusindia"
"aegisit","Trans","0.12000","1","resplusindia"
"muzztechres","Promo","0.08500","0","resplusindia"
"muzztechres","Trans","0.08500","1","resplusindia"
"softlogicrel","promo","0.13000","0","resplusindia"
"softlogicrel","trans","0.13000","1","resplusindia"
"smsnxt","bstp","0.20000","0","resplusindia"
"smsnxt","bstt","0.20000","1","resplusindia"
"pay2all","Trans","0.20000","1","resplusindia"
"pixl","Trans","0.10000","1","resplusindia"
"charumotors","Promo","0.08500","0","resplusindia"
"charumotors","Trans","0.08500","1","resplusindia"
"pizzaadmin","bstt","0.08200","1","resplusindia"
"absoluteres","Promo","0.20000","0","resplusindia"
"nectaresel","promo","0.20000","0","resplusindia"
"nectaresel","trans","0.20000","1","resplusindia"
"oxynortxl","bstt","0.09000","1","resplusindia"
"mobiligirel","Trans","0.08250","1","resplusindia"
"vtelres","Promo","0.20000","0","resplusindia"
"vtelres","Trans","0.20000","1","resplusindia"
"oxynortxl","promo","0.09000","0","resplusindia"
"oranzer","Promo","0.20000","0","resplusindia"
"oranzer","Trans","0.20000","1","resplusindia"
"futuretech","Promo","0.08500","0","resplusindia"
"futuretech","Trans","0.08500","1","resplusindia"
"mssofttech","Promo","0.20000","0","resplusindia"
"mssofttech","Trans","0.20000","1","resplusindia"
"relanz","bstp","0.20000","0","resplusindia"
"relanz","bstt","0.20000","1","resplusindia"
"blackmountres","promo1","0.08500","0","resplusindia"
"blackmountres","trans1","0.08500","1","resplusindia"
"oxynortxr","trans1","0.09000","1","resplusindia"
"radiusres","radus","0.10000","0","resplusindia"
"radiusres","drus","0.10000","1","resplusindia"
"mysmshubrsl","Promo","0.08500","0","resplusindia"
"mysmshubrsl","Trans","0.08500","1","resplusindia"
"ezeeinfores","promo1","0.20000","0","resplusindia"
"ezeeinfores","trans1","0.20000","1","resplusindia"
"pigeonindia","promo1","0.09000","0","resplusindia"
"pigeonindia","trans1","0.09000","1","resplusindia"
"minglemind","promo","0.20000","0","resplusindia"
"minglemind","trans","0.20000","1","resplusindia"
"thinkersrel","promo1","0.20000","0","resplusindia"
"sevenirel","promo","0.09000","0","resplusindia"
"sevenirel","trans","0.09000","1","resplusindia"
"onlydetails","only","0.12000","0","resplusindia"
"onlydetails","onlt","0.12000","1","resplusindia"
"ansistr2","anis","0.08250","0","resplusindia"
"ansistr2","anst","0.08250","1","resplusindia"
"a1sresellerscru","promo1","0.08750","0","resplusindia"
"a1sresellerscru","Trans1","0.08750","1","resplusindia"
"amurascrub","amu","0.08600","0","resplusindia"
"liveairscrub","promo","0.07900","0","resplusindia"
"liveairscrub","trans","0.07900","1","resplusindia"
"empirecalls","Promo","0.20000","0","resplusindia"
"empirecalls","Trans","0.20000","1","resplusindia"
"smsnmediascrub","SMSN","0.08500","0","resplusindia"
"smsnmediascrub","smsm","0.08500","1","resplusindia"
"arinerslr","promo","0.20000","0","resplusindia"
"arinerslr","trans","0.20000","1","resplusindia"
"sssolutionsrel","promo","0.20000","0","resplusindia"
"sssolutionsrel","trans","0.20000","1","resplusindia"
"digitalrel","Promo","0.20000","0","resplusindia"
"digitalrel","Trans","0.20000","1","resplusindia"
"pritworld","promo","0.20000","0","resplusindia"
"pritworld","trans","0.20000","1","resplusindia"
"ambitres","Promo","0.20000","0","resplusindia"
"ambitres","Trans","0.20000","1","resplusindia"
"digitales","dip","0.12000","0","resplusindia"
"digitales","dit","0.12000","1","resplusindia"
"100cflab","Promo","0.20000","0","resplusindia"
"100cflab","Trans","0.20000","1","resplusindia"
"laxyo","laxp","0.17000","0","resplusindia"
"laxyo","laxt","0.17000","1","resplusindia"
"nixinforel","promo","0.09000","0","resplusindia"
"nixinforel","trans","0.09000","1","resplusindia"
"smschilly","promo","0.20000","0","resplusindia"
"smschilly","trans","0.20000","1","resplusindia"
"bitsworldr","Promo","0.12000","0","resplusindia"
"bitsworldr","Trans","0.12000","1","resplusindia"
"futurzrs","Trans","0.10000","1","resplusindia"
"rpreseller","rpr","0.20000","0","resplusindia"
"rpreseller","rprt","0.20000","1","resplusindia"
"futurzrs","ftu","0.10000","0","resplusindia"
"cyberreslr","Promo","0.20000","0","resplusindia"
"cyberreslr","Trans","0.20000","1","resplusindia"
"newmantra","Promo","0.08500","0","resplusindia"
"newmantra","Trans","0.08500","1","resplusindia"
"infiniain","Promo","0.12000","0","resplusindia"
"infiniain","Trans","0.12000","1","resplusindia"
"techtwigs","promo","0.20000","0","resplusindia"
"techtwigs","trans","0.20000","1","resplusindia"
"rishiprasad","transactional","0.10000","1","resplusindia"
"3mdigiscrubres","promo","0.08250","0","resplusindia"
"3mdigiscrubres","trans","0.08250","1","resplusindia"
"cnsscrub","promo","0.20000","0","resplusindia"
"cnsscrub","trans","0.20000","1","resplusindia"
"hostchefres","promo","0.20000","0","resplusindia"
"hostchefres","trans","0.20000","1","resplusindia"
"staunchrel","sta","0.08500","0","resplusindia"
"staunchrel","stat","0.08500","1","resplusindia"
"smsindia","promo","0.20000","0","resplusindia"
"smsindia","trans","0.20000","1","resplusindia"
"slkpvt","promo","0.20000","0","resplusindia"
"slkpvt","trans","0.20000","1","resplusindia"
"muthu","Trans","0.08500","1","resplusindia"
"naabillpay","promo1","0.09000","0","resplusindia"
"naabillpay","trans1","0.09000","1","resplusindia"
"sterlingres","promo","0.20000","0","resplusindia"
"sterlingres","trans","0.20000","1","resplusindia"
"mysolr","myso","0.20000","0","resplusindia"
"mysolr","mysot","0.20000","1","resplusindia"
"dbaserel","Promo","0.11000","0","resplusindia"
"dbaserel","Trans","0.11000","1","resplusindia"
"snapdrel","Promo","0.07000","0","resplusindia"
"snapdrel","Trans","0.07000","1","resplusindia"
"sansoni","promo","0.10000","0","resplusindia"
"sansoni","trans","0.10000","1","resplusindia"
"wegusindia","Promo","0.20000","0","resplusindia"
"wegusindia","Trans","0.20000","1","resplusindia"
"psrsl","promo","0.20000","0","resplusindia"
"psrsl","trans","0.20000","1","resplusindia"
"guruservice","Promo","0.20000","0","resplusindia"
"guruservice","Trans","0.20000","1","resplusindia"
"streslr","strp","0.20000","0","resplusindia"
"streslr","strt","0.20000","1","resplusindia"
"srecharge","Promo","0.10000","0","resplusindia"
"srecharge","Trans","0.10000","1","resplusindia"
"sikka","promo","0.09000","0","resplusindia"
"sikka","trans","0.09000","1","resplusindia"
"staunchrelt","Trans","0.08500","1","resplusindia"
"kaisendt","trans","0.20000","1","resplusindia"
"kaisendt","promo","0.20000","0","resplusindia"
"appngagetran","apn","0.09000","1","resplusindia"
"appngagescrub","appts","0.08400","1","resplusindia"
"acetec","Trans","0.09000","1","resplusindia"
"hvreslr","hvrep","0.08300","0","resplusindia"
"cool2smsres","Promo","0.20000","0","resplusindia"
"cool2smsres","Trans","0.20000","1","resplusindia"
"vserve","Promo","0.08500","0","resplusindia"
"vserve","Trans","0.08500","1","resplusindia"
"staunchrelt","Promo","0.08500","0","resplusindia"
"91bulksms","Promo","0.20000","0","resplusindia"
"91bulksms","Trans","0.20000","1","resplusindia"
"clickblick","clp","0.20000","0","resplusindia"
"clickblick","clt","0.20000","1","resplusindia"
"mystore","Promo","0.20000","0","resplusindia"
"mystore","Trans","0.20000","1","resplusindia"
"sambres","Promo","0.20000","0","resplusindia"
"nityarsl","Promo","0.20000","0","resplusindia"
"nityarsl","Trans","0.20000","1","resplusindia"
"socialnois","Promo","0.11000","0","resplusindia"
"socialnois","Trans","0.11000","1","resplusindia"
"petpooja","Promo","0.20000","0","resplusindia"
"petpooja","Trans","0.20000","1","resplusindia"
"gigasoft","Promo","0.10000","0","resplusindia"
"gigasoft","Trans","0.10000","1","resplusindia"
"smsalerts","Promo","0.20000","0","resplusindia"
"smsalerts","Trans","0.20000","1","resplusindia"
"bluewsmpp","Trans","0.08500","1","resplusindia"
"bluenew","blun","0.08500","1","resplusindia"
"bangmarkett","promo","0.20000","0","resplusindia"
"bangmarkett","trans","0.20000","1","resplusindia"
"almasaarr1","promo","0.20000","0","resplusindia"
"almasaarr1","trans","0.20000","1","resplusindia"
"kgweb","Promo","0.08750","0","resplusindia"
"kgweb","Trans","0.08750","1","resplusindia"
"turtledove","Promo","0.20000","0","resplusindia"
"turtledove","Trans","0.20000","1","resplusindia"
"zensystres","promo","0.20000","0","resplusindia"
"zensystres","trans","0.20000","1","resplusindia"
"cindia","promo","0.20000","0","resplusindia"
"cindia","trans","0.20000","1","resplusindia"
"ktsclick","Promo","0.20000","0","resplusindia"
"ktsclick","Trans","0.20000","1","resplusindia"
"inforeseller","Promo","0.09000","0","resplusindia"
"inforeseller","Trans","0.09000","1","resplusindia"
"alaminaa","Promo","0.20000","0","resplusindia"
"alaminaa","Trans","0.20000","1","resplusindia"
"regalres","Promo","0.20000","0","resplusindia"
"regalres","Trans","0.20000","1","resplusindia"
"awebtech","promo","0.20000","0","resplusindia"
"awebtech","trans","0.20000","1","resplusindia"
"futuretrade","Trans","0.08000","1","resplusindia"
"starreseller","promo","0.08500","0","resplusindia"
"starreseller","trans","0.08500","1","resplusindia"
"adeepres","Promo","0.20000","0","resplusindia"
"adeepres","Trans","0.20000","1","resplusindia"
"racireseller","Promo","0.10000","0","resplusindia"
"racireseller","Trans","0.10000","1","resplusindia"
"w3team","Promo","0.20000","0","resplusindia"
"w3team","Trans","0.20000","1","resplusindia"
"legasis","Promo","0.14000","0","resplusindia"
"legasis","Trans","0.14000","1","resplusindia"
"koshatrans","Promo","0.20000","0","resplusindia"
"koshatrans","Trans","0.20000","1","resplusindia"
"saveratrans","Promo","0.20000","0","resplusindia"
"saveratrans","Trans","0.20000","1","resplusindia"
"nectorindia","PROMO1","0.13100","0","resplusindia"
"nectorindia","trans1","0.13100","1","resplusindia"
"kgscrub","tran","0.08750","1","resplusindia"
"imagorel","Trans","0.08500","1","resplusindia"
